bioguideId,name,party,chamber,district,voteId,date,bill,title,vote
A000372,"Allen, Rick W.",Republican,House of Representatives,12,H2026_0089,2026-03-17,S. 3971,Small Business Innovation and Economic Security Act,Yea
A000372,"Allen, Rick W.",Republican,House of Representatives,12,H2026_0181,2026-05-20,S. 1003,Lulu’s Law,Yea
A000372,"Allen, Rick W.",Republican,House of Representatives,12,H2025_0023,2025-01-22,S. 5,Laken Riley Act,Yea
A000372,"Allen, Rick W.",Republican,House of Representatives,12,H2026_0214,2026-06-09,S. 2,Secure America Act,Yea
A000372,"Allen, Rick W.",Republican,House of Representatives,12,H2026_0213,2026-06-09,S. 2,Secure America Act,Nay
A000372,"Allen, Rick W.",Republican,House of Representatives,12,H2026_0224,2026-06-23,H.R. 6644,21st Century ROAD to Housing Act,Yea
A000372,"Allen, Rick W.",Republican,House of Representatives,12,H2026_0057,2026-02-09,H.R. 6644,21st Century ROAD to Housing Act,Yea
A000372,"Allen, Rick W.",Republican,House of Representatives,12,H2026_0223,2026-06-23,S. 629,Emergency Conservation Program Improvement Act of 2025,Yea
A000372,"Allen, Rick W.",Republican,House of Representatives,12,H2026_0193,2026-06-03,S. 254,ARTIST Act,Yea
A000372,"Allen, Rick W.",Republican,House of Representatives,12,H2026_0180,2026-05-20,S. 2393,Fiscal Year 2025 Veterans Affairs Major Medical Facility Authorization Act,Yea
A000372,"Allen, Rick W.",Republican,House of Representatives,12,H2026_0042,2026-01-22,H.R. 7147,"Homeland Security and Further Additional Continuing Appropriations Act, 2026.",Yea
A000372,"Allen, Rick W.",Republican,House of Representatives,12,H2026_0129,2026-04-21,S. 1020,A bill to require the Federal Energy Regulatory Commission to extend the time period during which licensees are required to commence construction of certain hydropower projects.,Yea
A000372,"Allen, Rick W.",Republican,House of Representatives,12,H2026_0081,2026-03-04,S. 723,Tribal Trust Land Homeownership Act of 2025,Yea
A000372,"Allen, Rick W.",Republican,House of Representatives,12,H2026_0155,2026-04-30,S. 4465,"A bill to amend the FISA Amendments Act of 2008 to extend the authorities of title VII of the Foreign Intelligence Surveillance Act of 1978, and for other purposes.",Yea
A000372,"Allen, Rick W.",Republican,House of Representatives,12,H2026_0038,2026-01-21,H.J.Res. 140,"Providing for congressional disapproval under chapter 8 of title 5, United States Code, of the rule submitted by the Bureau of Land Management relating to Public Land Order No. 7917 for Withdrawal of Federal Lands; Cook, Lake, and Saint Louis Counties, MN.",Yea
A000372,"Allen, Rick W.",Republican,House of Representatives,12,H2025_0151,2025-06-04,H.R. 2483,SUPPORT for Patients and Communities Reauthorization Act of 2025,Yea
A000372,"Allen, Rick W.",Republican,House of Representatives,12,H2026_0056,2026-02-04,H.J.Res. 142,Disapproving the action of the District of Columbia Council in approving the D.C. Income and Franchise Tax Conformity and Revision Temporary Amendment Act of 2025.,Yea
A000372,"Allen, Rick W.",Republican,House of Representatives,12,H2026_0053,2026-02-03,H.R. 7148,"Consolidated Appropriations Act, 2026",Yea
A000372,"Allen, Rick W.",Republican,House of Representatives,12,H2026_0045,2026-01-22,H.R. 7148,"Consolidated Appropriations Act, 2026",Yea
A000372,"Allen, Rick W.",Republican,House of Representatives,12,H2026_0007,2026-01-08,H.R. 6938,"Commerce, Justice, Science; Energy and Water Development; and Interior and Environment Appropriations Act, 2026",Yea
A000372,"Allen, Rick W.",Republican,House of Representatives,12,H2026_0006,2026-01-08,H.R. 6938,"Commerce, Justice, Science; Energy and Water Development; and Interior and Environment Appropriations Act, 2026",Yea
A000372,"Allen, Rick W.",Republican,House of Representatives,12,H2026_0005,2026-01-08,H.R. 6938,"Commerce, Justice, Science; Energy and Water Development; and Interior and Environment Appropriations Act, 2026",Nay
A000372,"Allen, Rick W.",Republican,House of Representatives,12,H2025_0335,2025-12-15,S. 284,Congressional Award Program Reauthorization Act,Yea
A000372,"Allen, Rick W.",Republican,House of Representatives,12,H2025_0088,2025-04-01,H.R. 1491,Disaster Related Extension of Deadlines Act,Yea
A000372,"Allen, Rick W.",Republican,House of Representatives,12,H2025_0019,2025-01-21,H.R. 187,MAPWaters Act of 2025,Not Voting
A000372,"Allen, Rick W.",Republican,House of Representatives,12,H2025_0320,2025-12-10,S. 1071,National Defense Authorization Act for Fiscal Year 2026,Yea
A000372,"Allen, Rick W.",Republican,House of Representatives,12,H2025_0319,2025-12-10,S. 1071,National Defense Authorization Act for Fiscal Year 2026,Nay
A000372,"Allen, Rick W.",Republican,House of Representatives,12,H2025_0022,2025-01-22,H.R. 165,Wounded Knee Massacre Memorial and Sacred Site Act,Yea
A000372,"Allen, Rick W.",Republican,House of Representatives,12,H2025_0315,2025-12-09,S. 356,Secure Rural Schools Reauthorization Act of 2025,Yea
A000372,"Allen, Rick W.",Republican,House of Representatives,12,H2025_0295,2025-11-18,H.J.Res. 131,"Providing for congressional disapproval under chapter 8 of title 5, United States Code, of the rule submitted by the Bureau of Land Management relating to Coastal Plain Oil and Gas Leasing Program Record of Decision.",Yea
A000372,"Allen, Rick W.",Republican,House of Representatives,12,H2025_0294,2025-11-18,H.J.Res. 130,"Providing for congressional disapproval under chapter 8 of title 5, United States Code, of the rule submitted by the Bureau of Land Management relating to Buffalo Field Office Record of Decision and Approved Resource Management Plan Amendment.",Yea
A000372,"Allen, Rick W.",Republican,House of Representatives,12,H2025_0225,2025-09-03,H.J.Res. 106,"Providing for congressional disapproval under chapter 8 of title 5, United States Code, of the rule submitted by the Bureau of Land Management relating to ""Central Yukon Record of Decision and Approved Resource Management Plan"".",Yea
A000372,"Allen, Rick W.",Republican,House of Representatives,12,H2025_0226,2025-09-03,H.J.Res. 105,"Providing for congressional disapproval under chapter 8 of title 5, United States Code, of the rule submitted by the Bureau of Land Management relating to ""North Dakota Field Office Record of Decision and Approved Resource Management Plan"".",Yea
A000372,"Allen, Rick W.",Republican,House of Representatives,12,H2025_0224,2025-09-03,H.J.Res. 104,"Providing for congressional disapproval under chapter 8 of title 5, United States Code, of the rule submitted by the Bureau of Land Management relating to ""Miles City Field Office Record of Decision and Approved Resource Management Plan Amendment"".",Yea
A000372,"Allen, Rick W.",Republican,House of Representatives,12,H2025_0296,2025-11-18,S.J.Res. 80,"A joint resolution providing for congressional disapproval under chapter 8 of title 5, United States Code, of the rule submitted by the Bureau of Land Management relating to ""National Petroleum Reserve in Alaska Integrated Activity Plan Record of Decision"".",Yea
A000372,"Allen, Rick W.",Republican,House of Representatives,12,H2025_0051,2025-02-26,H.R. 695,Medal of Honor Act,Yea
A000372,"Allen, Rick W.",Republican,House of Representatives,12,H2025_0289,2025-11-18,H.R. 4405,Epstein Files Transparency Act,Yea
A000372,"Allen, Rick W.",Republican,House of Representatives,12,H2025_0200,2025-07-17,S. 1582,GENIUS Act,Yea
A000372,"Allen, Rick W.",Republican,House of Representatives,12,H2025_0285,2025-11-12,H.R. 5371,"Continuing Appropriations, Agriculture, Legislative Branch, Military Construction and Veterans Affairs, and Extensions Act, 2026",Yea
A000372,"Allen, Rick W.",Republican,House of Representatives,12,H2025_0281,2025-09-19,H.R. 5371,"Continuing Appropriations, Agriculture, Legislative Branch, Military Construction and Veterans Affairs, and Extensions Act, 2026",Yea
A000372,"Allen, Rick W.",Republican,House of Representatives,12,H2025_0280,2025-09-19,H.R. 5371,"Continuing Appropriations, Agriculture, Legislative Branch, Military Construction and Veterans Affairs, and Extensions Act, 2026",Nay
A000372,"Allen, Rick W.",Republican,House of Representatives,12,H2025_0096,2025-04-09,S.J.Res. 18,"A joint resolution disapproving the rule submitted by the Bureau of Consumer Financial Protection relating to ""Overdraft Lending: Very Large Financial Institutions"".",Yea
A000372,"Allen, Rick W.",Republican,House of Representatives,12,H2025_0166,2025-06-12,S. 331,HALT Fentanyl Act,Yea
A000372,"Allen, Rick W.",Republican,House of Representatives,12,H2025_0168,2025-06-12,H.R. 4,Rescissions Act of 2025,Yea
A000372,"Allen, Rick W.",Republican,House of Representatives,12,H2025_0167,2025-06-12,H.R. 4,Rescissions Act of 2025,Nay
A000372,"Allen, Rick W.",Republican,House of Representatives,12,H2025_0193,2025-07-14,S. 1596,Jocelyn Nungaray National Wildlife Refuge Act,Yea
A000372,"Allen, Rick W.",Republican,House of Representatives,12,H2025_0084,2025-03-31,H.R. 517,Filing Relief for Natural Disasters Act,Yea
A000372,"Allen, Rick W.",Republican,House of Representatives,12,H2025_0125,2025-05-14,H.R. 2215,Salem Maritime National Historical Park Redesignation and Boundary Study Act,Yea
A000372,"Allen, Rick W.",Republican,House of Representatives,12,H2025_0190,2025-07-03,H.R. 1,An act to provide for reconciliation pursuant to title II of H. Con. Res. 14.,Yea
A000372,"Allen, Rick W.",Republican,House of Representatives,12,H2025_0145,2025-05-22,H.R. 1,An act to provide for reconciliation pursuant to title II of H. Con. Res. 14.,Yea
A000372,"Allen, Rick W.",Republican,House of Representatives,12,H2025_0144,2025-05-22,H.R. 1,An act to provide for reconciliation pursuant to title II of H. Con. Res. 14.,Nay
A000372,"Allen, Rick W.",Republican,House of Representatives,12,H2025_0028,2025-02-04,H.R. 43,Alaska Native Village Municipal Lands Restoration Act of 2025,Yea
A000372,"Allen, Rick W.",Republican,House of Representatives,12,H2025_0137,2025-05-20,S.J.Res. 13,"A joint resolution providing for congressional disapproval under chapter 8 of title 5, United States Code, of the rule submitted by the Office of the Comptroller of the Currency of the Department of the Treasury relating to the review of applications under the Bank Merger Act.",Yea
A000372,"Allen, Rick W.",Republican,House of Representatives,12,H2025_0143,2025-05-22,S.J.Res. 31,"A joint resolution providing for congressional disapproval under chapter 8 of title 5, United States Code, of the rule submitted by the Environmental Protection Agency relating to ""Review of Final Rule Reclassification of Major Sources as Area Sources Under Section 112 of the Clean Air Act"".",Yea
A000372,"Allen, Rick W.",Republican,House of Representatives,12,H2025_0112,2025-04-30,H.J.Res. 89,"Providing congressional disapproval under chapter 8 of title 5, United States Code, of the rule submitted by the Environmental Protection Agency relating to ""California State Motor Vehicle and Engine and Nonroad Engine Pollution Control Standards; The ""Omnibus"" Low NOX Regulation; Waiver of Preemption; Notice of Decision"".",Yea
A000372,"Allen, Rick W.",Republican,House of Representatives,12,H2025_0114,2025-05-01,H.J.Res. 88,"Providing congressional disapproval under chapter 8 of title 5, United States Code, of the rule submitted by the Environmental Protection Agency relating to ""California State Motor Vehicle and Engine Pollution Control Standards; Advanced Clean Cars II; Waiver of Preemption; Notice of Decision"".",Yea
A000372,"Allen, Rick W.",Republican,House of Representatives,12,H2025_0111,2025-04-30,H.J.Res. 87,"Providing congressional disapproval under chapter 8 of title 5, United States Code, of the rule submitted by the Environmental Protection Agency relating to ""California State Motor Vehicle and Engine Pollution Control Standards; Heavy-Duty Vehicle and Engine Emission Warranty and Maintenance Provisions; Advanced Clean Trucks; Zero Emission Airport Shuttle; Zero-Emission Power Train Certification; Waiver of Preemption; Notice of Decision"".",Yea
A000372,"Allen, Rick W.",Republican,House of Representatives,12,H2025_0095,2025-04-09,S.J.Res. 28,"A joint resolution disapproving the rule submitted by the Bureau of Consumer Financial Protection relating to ""Defining Larger Participants of a Market for General-Use Digital Consumer Payment Applications"".",Yea
A000372,"Allen, Rick W.",Republican,House of Representatives,12,H2025_0058,2025-03-05,H.J.Res. 61,"Providing for congressional disapproval under chapter 8 of title 5, United States Code, of the rule submitted by the Environmental Protection Agency relating to ""National Emission Standards for Hazardous Air Pollutants: Rubber Tire Manufacturing"".",Yea
A000372,"Allen, Rick W.",Republican,House of Representatives,12,H2025_0110,2025-04-29,H.J.Res. 60,"Providing for congressional disapproval under chapter 8 of title 5, United States Code, of the rule submitted by the National Park Service relating to ""Glen Canyon National Recreation Area: Motor Vehicles"".",Yea
A000372,"Allen, Rick W.",Republican,House of Representatives,12,H2025_0104,2025-04-28,S. 146,TAKE IT DOWN Act,Yea
A000372,"Allen, Rick W.",Republican,House of Representatives,12,H2025_0078,2025-03-27,H.J.Res. 75,"Providing for congressional disapproval under chapter 8 of title 5, United States Code, of the rule submitted by the Office of Energy Efficiency and Renewable Energy, Department of Energy relating to ""Energy Conservation Program: Energy Conservation Standards for Commercial Refrigerators, Freezers, and Refrigerator-Freezers"".",Yea
A000372,"Allen, Rick W.",Republican,House of Representatives,12,H2025_0059,2025-03-05,H.J.Res. 42,"Providing for congressional disapproval under chapter 8 of title 5, United States Code, of the rule submitted by the Department of Energy relating to ""Energy Conservation Program for Appliance Standards: Certification Requirements, Labeling Requirements, and Enforcement Provisions for Certain Consumer Products and Commercial Equipment"".",Yea
A000372,"Allen, Rick W.",Republican,House of Representatives,12,H2025_0077,2025-03-27,H.J.Res. 24,"Providing for congressional disapproval under chapter 8 of title 5, United States Code, of the rule submitted by the Department of Energy relating to ""Energy Conservation Program: Energy Conservation Standards for Walk-In Coolers and Walk-In Freezers"".",Yea
A000372,"Allen, Rick W.",Republican,House of Representatives,12,H2025_0053,2025-02-27,H.J.Res. 20,"Providing for congressional disapproval under chapter 8 of title 5, United States Code, of the rule submitted by the Department of Energy relating to ""Energy Conservation Program: Energy Conservation Standards for Consumer Gas-fired Instantaneous Water Heaters"".",Yea
A000372,"Allen, Rick W.",Republican,House of Representatives,12,H2025_0071,2025-03-11,H.J.Res. 25,"Providing for congressional disapproval under chapter 8 of title 5, United States Code, of the rule submitted by the Internal Revenue Service relating to ""Gross Proceeds Reporting by Brokers That Regularly Provide Services Effectuating Digital Asset Sales"".",Yea
A000372,"Allen, Rick W.",Republican,House of Representatives,12,H2025_0052,2025-02-26,H.J.Res. 35,"Providing for congressional disapproval under chapter 8 of title 5, United States Code, of the rule submitted by the Environmental Protection Agency relating to ""Waste Emissions Charge for Petroleum and Natural Gas Systems: Procedures for Facilitating Compliance, Including Netting and Exemptions"".",Yea
A000372,"Allen, Rick W.",Republican,House of Representatives,12,H2025_0070,2025-03-11,H.R. 1968,"Full-Year Continuing Appropriations and Extensions Act, 2025",Yea
A000372,"Allen, Rick W.",Republican,House of Representatives,12,H2025_0069,2025-03-11,H.R. 1968,"Full-Year Continuing Appropriations and Extensions Act, 2025",Nay
A000372,"Allen, Rick W.",Republican,House of Representatives,12,H2025_0061,2025-03-06,S.J.Res. 11,"A joint resolution providing for congressional disapproval under chapter 8 of title 5, United States Code, of the rule submitted by the Bureau of Ocean Energy Management relating to ""Protection of Marine Archaeological Resources"".",Yea
B000490,"Bishop, Sanford D.",Democratic,House of Representatives,2,H2026_0089,2026-03-17,S. 3971,Small Business Innovation and Economic Security Act,Yea
B000490,"Bishop, Sanford D.",Democratic,House of Representatives,2,H2026_0181,2026-05-20,S. 1003,Lulu’s Law,Yea
B000490,"Bishop, Sanford D.",Democratic,House of Representatives,2,H2025_0023,2025-01-22,S. 5,Laken Riley Act,Yea
B000490,"Bishop, Sanford D.",Democratic,House of Representatives,2,H2026_0214,2026-06-09,S. 2,Secure America Act,Nay
B000490,"Bishop, Sanford D.",Democratic,House of Representatives,2,H2026_0213,2026-06-09,S. 2,Secure America Act,Yea
B000490,"Bishop, Sanford D.",Democratic,House of Representatives,2,H2026_0224,2026-06-23,H.R. 6644,21st Century ROAD to Housing Act,Yea
B000490,"Bishop, Sanford D.",Democratic,House of Representatives,2,H2026_0057,2026-02-09,H.R. 6644,21st Century ROAD to Housing Act,Yea
B000490,"Bishop, Sanford D.",Democratic,House of Representatives,2,H2026_0223,2026-06-23,S. 629,Emergency Conservation Program Improvement Act of 2025,Yea
B000490,"Bishop, Sanford D.",Democratic,House of Representatives,2,H2026_0193,2026-06-03,S. 254,ARTIST Act,Yea
B000490,"Bishop, Sanford D.",Democratic,House of Representatives,2,H2026_0180,2026-05-20,S. 2393,Fiscal Year 2025 Veterans Affairs Major Medical Facility Authorization Act,Yea
B000490,"Bishop, Sanford D.",Democratic,House of Representatives,2,H2026_0042,2026-01-22,H.R. 7147,"Homeland Security and Further Additional Continuing Appropriations Act, 2026.",Nay
B000490,"Bishop, Sanford D.",Democratic,House of Representatives,2,H2026_0129,2026-04-21,S. 1020,A bill to require the Federal Energy Regulatory Commission to extend the time period during which licensees are required to commence construction of certain hydropower projects.,Yea
B000490,"Bishop, Sanford D.",Democratic,House of Representatives,2,H2026_0081,2026-03-04,S. 723,Tribal Trust Land Homeownership Act of 2025,Yea
B000490,"Bishop, Sanford D.",Democratic,House of Representatives,2,H2026_0155,2026-04-30,S. 4465,"A bill to amend the FISA Amendments Act of 2008 to extend the authorities of title VII of the Foreign Intelligence Surveillance Act of 1978, and for other purposes.",Yea
B000490,"Bishop, Sanford D.",Democratic,House of Representatives,2,H2026_0038,2026-01-21,H.J.Res. 140,"Providing for congressional disapproval under chapter 8 of title 5, United States Code, of the rule submitted by the Bureau of Land Management relating to Public Land Order No. 7917 for Withdrawal of Federal Lands; Cook, Lake, and Saint Louis Counties, MN.",Nay
B000490,"Bishop, Sanford D.",Democratic,House of Representatives,2,H2025_0151,2025-06-04,H.R. 2483,SUPPORT for Patients and Communities Reauthorization Act of 2025,Yea
B000490,"Bishop, Sanford D.",Democratic,House of Representatives,2,H2026_0056,2026-02-04,H.J.Res. 142,Disapproving the action of the District of Columbia Council in approving the D.C. Income and Franchise Tax Conformity and Revision Temporary Amendment Act of 2025.,Nay
B000490,"Bishop, Sanford D.",Democratic,House of Representatives,2,H2026_0053,2026-02-03,H.R. 7148,"Consolidated Appropriations Act, 2026",Yea
B000490,"Bishop, Sanford D.",Democratic,House of Representatives,2,H2026_0045,2026-01-22,H.R. 7148,"Consolidated Appropriations Act, 2026",Yea
B000490,"Bishop, Sanford D.",Democratic,House of Representatives,2,H2026_0007,2026-01-08,H.R. 6938,"Commerce, Justice, Science; Energy and Water Development; and Interior and Environment Appropriations Act, 2026",Yea
B000490,"Bishop, Sanford D.",Democratic,House of Representatives,2,H2026_0006,2026-01-08,H.R. 6938,"Commerce, Justice, Science; Energy and Water Development; and Interior and Environment Appropriations Act, 2026",Yea
B000490,"Bishop, Sanford D.",Democratic,House of Representatives,2,H2026_0005,2026-01-08,H.R. 6938,"Commerce, Justice, Science; Energy and Water Development; and Interior and Environment Appropriations Act, 2026",Yea
B000490,"Bishop, Sanford D.",Democratic,House of Representatives,2,H2025_0335,2025-12-15,S. 284,Congressional Award Program Reauthorization Act,Yea
B000490,"Bishop, Sanford D.",Democratic,House of Representatives,2,H2025_0088,2025-04-01,H.R. 1491,Disaster Related Extension of Deadlines Act,Yea
B000490,"Bishop, Sanford D.",Democratic,House of Representatives,2,H2025_0019,2025-01-21,H.R. 187,MAPWaters Act of 2025,Yea
B000490,"Bishop, Sanford D.",Democratic,House of Representatives,2,H2025_0320,2025-12-10,S. 1071,National Defense Authorization Act for Fiscal Year 2026,Yea
B000490,"Bishop, Sanford D.",Democratic,House of Representatives,2,H2025_0319,2025-12-10,S. 1071,National Defense Authorization Act for Fiscal Year 2026,Yea
B000490,"Bishop, Sanford D.",Democratic,House of Representatives,2,H2025_0022,2025-01-22,H.R. 165,Wounded Knee Massacre Memorial and Sacred Site Act,Yea
B000490,"Bishop, Sanford D.",Democratic,House of Representatives,2,H2025_0315,2025-12-09,S. 356,Secure Rural Schools Reauthorization Act of 2025,Yea
B000490,"Bishop, Sanford D.",Democratic,House of Representatives,2,H2025_0295,2025-11-18,H.J.Res. 131,"Providing for congressional disapproval under chapter 8 of title 5, United States Code, of the rule submitted by the Bureau of Land Management relating to Coastal Plain Oil and Gas Leasing Program Record of Decision.",Nay
B000490,"Bishop, Sanford D.",Democratic,House of Representatives,2,H2025_0294,2025-11-18,H.J.Res. 130,"Providing for congressional disapproval under chapter 8 of title 5, United States Code, of the rule submitted by the Bureau of Land Management relating to Buffalo Field Office Record of Decision and Approved Resource Management Plan Amendment.",Nay
B000490,"Bishop, Sanford D.",Democratic,House of Representatives,2,H2025_0225,2025-09-03,H.J.Res. 106,"Providing for congressional disapproval under chapter 8 of title 5, United States Code, of the rule submitted by the Bureau of Land Management relating to ""Central Yukon Record of Decision and Approved Resource Management Plan"".",Nay
B000490,"Bishop, Sanford D.",Democratic,House of Representatives,2,H2025_0226,2025-09-03,H.J.Res. 105,"Providing for congressional disapproval under chapter 8 of title 5, United States Code, of the rule submitted by the Bureau of Land Management relating to ""North Dakota Field Office Record of Decision and Approved Resource Management Plan"".",Nay
B000490,"Bishop, Sanford D.",Democratic,House of Representatives,2,H2025_0224,2025-09-03,H.J.Res. 104,"Providing for congressional disapproval under chapter 8 of title 5, United States Code, of the rule submitted by the Bureau of Land Management relating to ""Miles City Field Office Record of Decision and Approved Resource Management Plan Amendment"".",Nay
B000490,"Bishop, Sanford D.",Democratic,House of Representatives,2,H2025_0296,2025-11-18,S.J.Res. 80,"A joint resolution providing for congressional disapproval under chapter 8 of title 5, United States Code, of the rule submitted by the Bureau of Land Management relating to ""National Petroleum Reserve in Alaska Integrated Activity Plan Record of Decision"".",Nay
B000490,"Bishop, Sanford D.",Democratic,House of Representatives,2,H2025_0051,2025-02-26,H.R. 695,Medal of Honor Act,Yea
B000490,"Bishop, Sanford D.",Democratic,House of Representatives,2,H2025_0289,2025-11-18,H.R. 4405,Epstein Files Transparency Act,Yea
B000490,"Bishop, Sanford D.",Democratic,House of Representatives,2,H2025_0200,2025-07-17,S. 1582,GENIUS Act,Nay
B000490,"Bishop, Sanford D.",Democratic,House of Representatives,2,H2025_0285,2025-11-12,H.R. 5371,"Continuing Appropriations, Agriculture, Legislative Branch, Military Construction and Veterans Affairs, and Extensions Act, 2026",Nay
B000490,"Bishop, Sanford D.",Democratic,House of Representatives,2,H2025_0281,2025-09-19,H.R. 5371,"Continuing Appropriations, Agriculture, Legislative Branch, Military Construction and Veterans Affairs, and Extensions Act, 2026",Nay
B000490,"Bishop, Sanford D.",Democratic,House of Representatives,2,H2025_0280,2025-09-19,H.R. 5371,"Continuing Appropriations, Agriculture, Legislative Branch, Military Construction and Veterans Affairs, and Extensions Act, 2026",Yea
B000490,"Bishop, Sanford D.",Democratic,House of Representatives,2,H2025_0096,2025-04-09,S.J.Res. 18,"A joint resolution disapproving the rule submitted by the Bureau of Consumer Financial Protection relating to ""Overdraft Lending: Very Large Financial Institutions"".",Nay
B000490,"Bishop, Sanford D.",Democratic,House of Representatives,2,H2025_0166,2025-06-12,S. 331,HALT Fentanyl Act,Yea
B000490,"Bishop, Sanford D.",Democratic,House of Representatives,2,H2025_0168,2025-06-12,H.R. 4,Rescissions Act of 2025,Nay
B000490,"Bishop, Sanford D.",Democratic,House of Representatives,2,H2025_0167,2025-06-12,H.R. 4,Rescissions Act of 2025,Yea
B000490,"Bishop, Sanford D.",Democratic,House of Representatives,2,H2025_0193,2025-07-14,S. 1596,Jocelyn Nungaray National Wildlife Refuge Act,Yea
B000490,"Bishop, Sanford D.",Democratic,House of Representatives,2,H2025_0084,2025-03-31,H.R. 517,Filing Relief for Natural Disasters Act,Yea
B000490,"Bishop, Sanford D.",Democratic,House of Representatives,2,H2025_0125,2025-05-14,H.R. 2215,Salem Maritime National Historical Park Redesignation and Boundary Study Act,Not Voting
B000490,"Bishop, Sanford D.",Democratic,House of Representatives,2,H2025_0190,2025-07-03,H.R. 1,An act to provide for reconciliation pursuant to title II of H. Con. Res. 14.,Nay
B000490,"Bishop, Sanford D.",Democratic,House of Representatives,2,H2025_0145,2025-05-22,H.R. 1,An act to provide for reconciliation pursuant to title II of H. Con. Res. 14.,Nay
B000490,"Bishop, Sanford D.",Democratic,House of Representatives,2,H2025_0144,2025-05-22,H.R. 1,An act to provide for reconciliation pursuant to title II of H. Con. Res. 14.,Yea
B000490,"Bishop, Sanford D.",Democratic,House of Representatives,2,H2025_0028,2025-02-04,H.R. 43,Alaska Native Village Municipal Lands Restoration Act of 2025,Yea
B000490,"Bishop, Sanford D.",Democratic,House of Representatives,2,H2025_0137,2025-05-20,S.J.Res. 13,"A joint resolution providing for congressional disapproval under chapter 8 of title 5, United States Code, of the rule submitted by the Office of the Comptroller of the Currency of the Department of the Treasury relating to the review of applications under the Bank Merger Act.",Nay
B000490,"Bishop, Sanford D.",Democratic,House of Representatives,2,H2025_0143,2025-05-22,S.J.Res. 31,"A joint resolution providing for congressional disapproval under chapter 8 of title 5, United States Code, of the rule submitted by the Environmental Protection Agency relating to ""Review of Final Rule Reclassification of Major Sources as Area Sources Under Section 112 of the Clean Air Act"".",Nay
B000490,"Bishop, Sanford D.",Democratic,House of Representatives,2,H2025_0112,2025-04-30,H.J.Res. 89,"Providing congressional disapproval under chapter 8 of title 5, United States Code, of the rule submitted by the Environmental Protection Agency relating to ""California State Motor Vehicle and Engine and Nonroad Engine Pollution Control Standards; The ""Omnibus"" Low NOX Regulation; Waiver of Preemption; Notice of Decision"".",Yea
B000490,"Bishop, Sanford D.",Democratic,House of Representatives,2,H2025_0114,2025-05-01,H.J.Res. 88,"Providing congressional disapproval under chapter 8 of title 5, United States Code, of the rule submitted by the Environmental Protection Agency relating to ""California State Motor Vehicle and Engine Pollution Control Standards; Advanced Clean Cars II; Waiver of Preemption; Notice of Decision"".",Yea
B000490,"Bishop, Sanford D.",Democratic,House of Representatives,2,H2025_0111,2025-04-30,H.J.Res. 87,"Providing congressional disapproval under chapter 8 of title 5, United States Code, of the rule submitted by the Environmental Protection Agency relating to ""California State Motor Vehicle and Engine Pollution Control Standards; Heavy-Duty Vehicle and Engine Emission Warranty and Maintenance Provisions; Advanced Clean Trucks; Zero Emission Airport Shuttle; Zero-Emission Power Train Certification; Waiver of Preemption; Notice of Decision"".",Yea
B000490,"Bishop, Sanford D.",Democratic,House of Representatives,2,H2025_0095,2025-04-09,S.J.Res. 28,"A joint resolution disapproving the rule submitted by the Bureau of Consumer Financial Protection relating to ""Defining Larger Participants of a Market for General-Use Digital Consumer Payment Applications"".",Nay
B000490,"Bishop, Sanford D.",Democratic,House of Representatives,2,H2025_0058,2025-03-05,H.J.Res. 61,"Providing for congressional disapproval under chapter 8 of title 5, United States Code, of the rule submitted by the Environmental Protection Agency relating to ""National Emission Standards for Hazardous Air Pollutants: Rubber Tire Manufacturing"".",Nay
B000490,"Bishop, Sanford D.",Democratic,House of Representatives,2,H2025_0110,2025-04-29,H.J.Res. 60,"Providing for congressional disapproval under chapter 8 of title 5, United States Code, of the rule submitted by the National Park Service relating to ""Glen Canyon National Recreation Area: Motor Vehicles"".",Nay
B000490,"Bishop, Sanford D.",Democratic,House of Representatives,2,H2025_0104,2025-04-28,S. 146,TAKE IT DOWN Act,Yea
B000490,"Bishop, Sanford D.",Democratic,House of Representatives,2,H2025_0078,2025-03-27,H.J.Res. 75,"Providing for congressional disapproval under chapter 8 of title 5, United States Code, of the rule submitted by the Office of Energy Efficiency and Renewable Energy, Department of Energy relating to ""Energy Conservation Program: Energy Conservation Standards for Commercial Refrigerators, Freezers, and Refrigerator-Freezers"".",Nay
B000490,"Bishop, Sanford D.",Democratic,House of Representatives,2,H2025_0059,2025-03-05,H.J.Res. 42,"Providing for congressional disapproval under chapter 8 of title 5, United States Code, of the rule submitted by the Department of Energy relating to ""Energy Conservation Program for Appliance Standards: Certification Requirements, Labeling Requirements, and Enforcement Provisions for Certain Consumer Products and Commercial Equipment"".",Nay
B000490,"Bishop, Sanford D.",Democratic,House of Representatives,2,H2025_0077,2025-03-27,H.J.Res. 24,"Providing for congressional disapproval under chapter 8 of title 5, United States Code, of the rule submitted by the Department of Energy relating to ""Energy Conservation Program: Energy Conservation Standards for Walk-In Coolers and Walk-In Freezers"".",Nay
B000490,"Bishop, Sanford D.",Democratic,House of Representatives,2,H2025_0053,2025-02-27,H.J.Res. 20,"Providing for congressional disapproval under chapter 8 of title 5, United States Code, of the rule submitted by the Department of Energy relating to ""Energy Conservation Program: Energy Conservation Standards for Consumer Gas-fired Instantaneous Water Heaters"".",Nay
B000490,"Bishop, Sanford D.",Democratic,House of Representatives,2,H2025_0071,2025-03-11,H.J.Res. 25,"Providing for congressional disapproval under chapter 8 of title 5, United States Code, of the rule submitted by the Internal Revenue Service relating to ""Gross Proceeds Reporting by Brokers That Regularly Provide Services Effectuating Digital Asset Sales"".",Nay
B000490,"Bishop, Sanford D.",Democratic,House of Representatives,2,H2025_0052,2025-02-26,H.J.Res. 35,"Providing for congressional disapproval under chapter 8 of title 5, United States Code, of the rule submitted by the Environmental Protection Agency relating to ""Waste Emissions Charge for Petroleum and Natural Gas Systems: Procedures for Facilitating Compliance, Including Netting and Exemptions"".",Nay
B000490,"Bishop, Sanford D.",Democratic,House of Representatives,2,H2025_0070,2025-03-11,H.R. 1968,"Full-Year Continuing Appropriations and Extensions Act, 2025",Nay
B000490,"Bishop, Sanford D.",Democratic,House of Representatives,2,H2025_0069,2025-03-11,H.R. 1968,"Full-Year Continuing Appropriations and Extensions Act, 2025",Yea
B000490,"Bishop, Sanford D.",Democratic,House of Representatives,2,H2025_0061,2025-03-06,S.J.Res. 11,"A joint resolution providing for congressional disapproval under chapter 8 of title 5, United States Code, of the rule submitted by the Bureau of Ocean Energy Management relating to ""Protection of Marine Archaeological Resources"".",Nay
C001103,"Carter, Earl L. ""Buddy""",Republican,House of Representatives,1,H2026_0089,2026-03-17,S. 3971,Small Business Innovation and Economic Security Act,Yea
C001103,"Carter, Earl L. ""Buddy""",Republican,House of Representatives,1,H2026_0181,2026-05-20,S. 1003,Lulu’s Law,Yea
C001103,"Carter, Earl L. ""Buddy""",Republican,House of Representatives,1,H2025_0023,2025-01-22,S. 5,Laken Riley Act,Yea
C001103,"Carter, Earl L. ""Buddy""",Republican,House of Representatives,1,H2026_0214,2026-06-09,S. 2,Secure America Act,Yea
C001103,"Carter, Earl L. ""Buddy""",Republican,House of Representatives,1,H2026_0213,2026-06-09,S. 2,Secure America Act,Nay
C001103,"Carter, Earl L. ""Buddy""",Republican,House of Representatives,1,H2026_0224,2026-06-23,H.R. 6644,21st Century ROAD to Housing Act,Yea
C001103,"Carter, Earl L. ""Buddy""",Republican,House of Representatives,1,H2026_0057,2026-02-09,H.R. 6644,21st Century ROAD to Housing Act,Yea
C001103,"Carter, Earl L. ""Buddy""",Republican,House of Representatives,1,H2026_0223,2026-06-23,S. 629,Emergency Conservation Program Improvement Act of 2025,Yea
C001103,"Carter, Earl L. ""Buddy""",Republican,House of Representatives,1,H2026_0193,2026-06-03,S. 254,ARTIST Act,Yea
C001103,"Carter, Earl L. ""Buddy""",Republican,House of Representatives,1,H2026_0180,2026-05-20,S. 2393,Fiscal Year 2025 Veterans Affairs Major Medical Facility Authorization Act,Yea
C001103,"Carter, Earl L. ""Buddy""",Republican,House of Representatives,1,H2026_0042,2026-01-22,H.R. 7147,"Homeland Security and Further Additional Continuing Appropriations Act, 2026.",Yea
C001103,"Carter, Earl L. ""Buddy""",Republican,House of Representatives,1,H2026_0129,2026-04-21,S. 1020,A bill to require the Federal Energy Regulatory Commission to extend the time period during which licensees are required to commence construction of certain hydropower projects.,Yea
C001103,"Carter, Earl L. ""Buddy""",Republican,House of Representatives,1,H2026_0081,2026-03-04,S. 723,Tribal Trust Land Homeownership Act of 2025,Yea
C001103,"Carter, Earl L. ""Buddy""",Republican,House of Representatives,1,H2026_0155,2026-04-30,S. 4465,"A bill to amend the FISA Amendments Act of 2008 to extend the authorities of title VII of the Foreign Intelligence Surveillance Act of 1978, and for other purposes.",Yea
C001103,"Carter, Earl L. ""Buddy""",Republican,House of Representatives,1,H2026_0038,2026-01-21,H.J.Res. 140,"Providing for congressional disapproval under chapter 8 of title 5, United States Code, of the rule submitted by the Bureau of Land Management relating to Public Land Order No. 7917 for Withdrawal of Federal Lands; Cook, Lake, and Saint Louis Counties, MN.",Yea
C001103,"Carter, Earl L. ""Buddy""",Republican,House of Representatives,1,H2025_0151,2025-06-04,H.R. 2483,SUPPORT for Patients and Communities Reauthorization Act of 2025,Yea
C001103,"Carter, Earl L. ""Buddy""",Republican,House of Representatives,1,H2026_0056,2026-02-04,H.J.Res. 142,Disapproving the action of the District of Columbia Council in approving the D.C. Income and Franchise Tax Conformity and Revision Temporary Amendment Act of 2025.,Yea
C001103,"Carter, Earl L. ""Buddy""",Republican,House of Representatives,1,H2026_0053,2026-02-03,H.R. 7148,"Consolidated Appropriations Act, 2026",Yea
C001103,"Carter, Earl L. ""Buddy""",Republican,House of Representatives,1,H2026_0045,2026-01-22,H.R. 7148,"Consolidated Appropriations Act, 2026",Yea
C001103,"Carter, Earl L. ""Buddy""",Republican,House of Representatives,1,H2026_0007,2026-01-08,H.R. 6938,"Commerce, Justice, Science; Energy and Water Development; and Interior and Environment Appropriations Act, 2026",Yea
C001103,"Carter, Earl L. ""Buddy""",Republican,House of Representatives,1,H2026_0006,2026-01-08,H.R. 6938,"Commerce, Justice, Science; Energy and Water Development; and Interior and Environment Appropriations Act, 2026",Yea
C001103,"Carter, Earl L. ""Buddy""",Republican,House of Representatives,1,H2026_0005,2026-01-08,H.R. 6938,"Commerce, Justice, Science; Energy and Water Development; and Interior and Environment Appropriations Act, 2026",Yea
C001103,"Carter, Earl L. ""Buddy""",Republican,House of Representatives,1,H2025_0335,2025-12-15,S. 284,Congressional Award Program Reauthorization Act,Yea
C001103,"Carter, Earl L. ""Buddy""",Republican,House of Representatives,1,H2025_0088,2025-04-01,H.R. 1491,Disaster Related Extension of Deadlines Act,Yea
C001103,"Carter, Earl L. ""Buddy""",Republican,House of Representatives,1,H2025_0019,2025-01-21,H.R. 187,MAPWaters Act of 2025,Yea
C001103,"Carter, Earl L. ""Buddy""",Republican,House of Representatives,1,H2025_0320,2025-12-10,S. 1071,National Defense Authorization Act for Fiscal Year 2026,Yea
C001103,"Carter, Earl L. ""Buddy""",Republican,House of Representatives,1,H2025_0319,2025-12-10,S. 1071,National Defense Authorization Act for Fiscal Year 2026,Nay
C001103,"Carter, Earl L. ""Buddy""",Republican,House of Representatives,1,H2025_0022,2025-01-22,H.R. 165,Wounded Knee Massacre Memorial and Sacred Site Act,Yea
C001103,"Carter, Earl L. ""Buddy""",Republican,House of Representatives,1,H2025_0315,2025-12-09,S. 356,Secure Rural Schools Reauthorization Act of 2025,Yea
C001103,"Carter, Earl L. ""Buddy""",Republican,House of Representatives,1,H2025_0295,2025-11-18,H.J.Res. 131,"Providing for congressional disapproval under chapter 8 of title 5, United States Code, of the rule submitted by the Bureau of Land Management relating to Coastal Plain Oil and Gas Leasing Program Record of Decision.",Yea
C001103,"Carter, Earl L. ""Buddy""",Republican,House of Representatives,1,H2025_0294,2025-11-18,H.J.Res. 130,"Providing for congressional disapproval under chapter 8 of title 5, United States Code, of the rule submitted by the Bureau of Land Management relating to Buffalo Field Office Record of Decision and Approved Resource Management Plan Amendment.",Yea
C001103,"Carter, Earl L. ""Buddy""",Republican,House of Representatives,1,H2025_0225,2025-09-03,H.J.Res. 106,"Providing for congressional disapproval under chapter 8 of title 5, United States Code, of the rule submitted by the Bureau of Land Management relating to ""Central Yukon Record of Decision and Approved Resource Management Plan"".",Yea
C001103,"Carter, Earl L. ""Buddy""",Republican,House of Representatives,1,H2025_0226,2025-09-03,H.J.Res. 105,"Providing for congressional disapproval under chapter 8 of title 5, United States Code, of the rule submitted by the Bureau of Land Management relating to ""North Dakota Field Office Record of Decision and Approved Resource Management Plan"".",Yea
C001103,"Carter, Earl L. ""Buddy""",Republican,House of Representatives,1,H2025_0224,2025-09-03,H.J.Res. 104,"Providing for congressional disapproval under chapter 8 of title 5, United States Code, of the rule submitted by the Bureau of Land Management relating to ""Miles City Field Office Record of Decision and Approved Resource Management Plan Amendment"".",Yea
C001103,"Carter, Earl L. ""Buddy""",Republican,House of Representatives,1,H2025_0296,2025-11-18,S.J.Res. 80,"A joint resolution providing for congressional disapproval under chapter 8 of title 5, United States Code, of the rule submitted by the Bureau of Land Management relating to ""National Petroleum Reserve in Alaska Integrated Activity Plan Record of Decision"".",Yea
C001103,"Carter, Earl L. ""Buddy""",Republican,House of Representatives,1,H2025_0051,2025-02-26,H.R. 695,Medal of Honor Act,Yea
C001103,"Carter, Earl L. ""Buddy""",Republican,House of Representatives,1,H2025_0289,2025-11-18,H.R. 4405,Epstein Files Transparency Act,Yea
C001103,"Carter, Earl L. ""Buddy""",Republican,House of Representatives,1,H2025_0200,2025-07-17,S. 1582,GENIUS Act,Yea
C001103,"Carter, Earl L. ""Buddy""",Republican,House of Representatives,1,H2025_0285,2025-11-12,H.R. 5371,"Continuing Appropriations, Agriculture, Legislative Branch, Military Construction and Veterans Affairs, and Extensions Act, 2026",Yea
C001103,"Carter, Earl L. ""Buddy""",Republican,House of Representatives,1,H2025_0281,2025-09-19,H.R. 5371,"Continuing Appropriations, Agriculture, Legislative Branch, Military Construction and Veterans Affairs, and Extensions Act, 2026",Yea
C001103,"Carter, Earl L. ""Buddy""",Republican,House of Representatives,1,H2025_0280,2025-09-19,H.R. 5371,"Continuing Appropriations, Agriculture, Legislative Branch, Military Construction and Veterans Affairs, and Extensions Act, 2026",Nay
C001103,"Carter, Earl L. ""Buddy""",Republican,House of Representatives,1,H2025_0096,2025-04-09,S.J.Res. 18,"A joint resolution disapproving the rule submitted by the Bureau of Consumer Financial Protection relating to ""Overdraft Lending: Very Large Financial Institutions"".",Yea
C001103,"Carter, Earl L. ""Buddy""",Republican,House of Representatives,1,H2025_0166,2025-06-12,S. 331,HALT Fentanyl Act,Yea
C001103,"Carter, Earl L. ""Buddy""",Republican,House of Representatives,1,H2025_0168,2025-06-12,H.R. 4,Rescissions Act of 2025,Yea
C001103,"Carter, Earl L. ""Buddy""",Republican,House of Representatives,1,H2025_0167,2025-06-12,H.R. 4,Rescissions Act of 2025,Nay
C001103,"Carter, Earl L. ""Buddy""",Republican,House of Representatives,1,H2025_0193,2025-07-14,S. 1596,Jocelyn Nungaray National Wildlife Refuge Act,Yea
C001103,"Carter, Earl L. ""Buddy""",Republican,House of Representatives,1,H2025_0084,2025-03-31,H.R. 517,Filing Relief for Natural Disasters Act,Yea
C001103,"Carter, Earl L. ""Buddy""",Republican,House of Representatives,1,H2025_0125,2025-05-14,H.R. 2215,Salem Maritime National Historical Park Redesignation and Boundary Study Act,Yea
C001103,"Carter, Earl L. ""Buddy""",Republican,House of Representatives,1,H2025_0190,2025-07-03,H.R. 1,An act to provide for reconciliation pursuant to title II of H. Con. Res. 14.,Yea
C001103,"Carter, Earl L. ""Buddy""",Republican,House of Representatives,1,H2025_0145,2025-05-22,H.R. 1,An act to provide for reconciliation pursuant to title II of H. Con. Res. 14.,Yea
C001103,"Carter, Earl L. ""Buddy""",Republican,House of Representatives,1,H2025_0144,2025-05-22,H.R. 1,An act to provide for reconciliation pursuant to title II of H. Con. Res. 14.,Nay
C001103,"Carter, Earl L. ""Buddy""",Republican,House of Representatives,1,H2025_0028,2025-02-04,H.R. 43,Alaska Native Village Municipal Lands Restoration Act of 2025,Yea
C001103,"Carter, Earl L. ""Buddy""",Republican,House of Representatives,1,H2025_0137,2025-05-20,S.J.Res. 13,"A joint resolution providing for congressional disapproval under chapter 8 of title 5, United States Code, of the rule submitted by the Office of the Comptroller of the Currency of the Department of the Treasury relating to the review of applications under the Bank Merger Act.",Yea
C001103,"Carter, Earl L. ""Buddy""",Republican,House of Representatives,1,H2025_0143,2025-05-22,S.J.Res. 31,"A joint resolution providing for congressional disapproval under chapter 8 of title 5, United States Code, of the rule submitted by the Environmental Protection Agency relating to ""Review of Final Rule Reclassification of Major Sources as Area Sources Under Section 112 of the Clean Air Act"".",Yea
C001103,"Carter, Earl L. ""Buddy""",Republican,House of Representatives,1,H2025_0112,2025-04-30,H.J.Res. 89,"Providing congressional disapproval under chapter 8 of title 5, United States Code, of the rule submitted by the Environmental Protection Agency relating to ""California State Motor Vehicle and Engine and Nonroad Engine Pollution Control Standards; The ""Omnibus"" Low NOX Regulation; Waiver of Preemption; Notice of Decision"".",Yea
C001103,"Carter, Earl L. ""Buddy""",Republican,House of Representatives,1,H2025_0114,2025-05-01,H.J.Res. 88,"Providing congressional disapproval under chapter 8 of title 5, United States Code, of the rule submitted by the Environmental Protection Agency relating to ""California State Motor Vehicle and Engine Pollution Control Standards; Advanced Clean Cars II; Waiver of Preemption; Notice of Decision"".",Yea
C001103,"Carter, Earl L. ""Buddy""",Republican,House of Representatives,1,H2025_0111,2025-04-30,H.J.Res. 87,"Providing congressional disapproval under chapter 8 of title 5, United States Code, of the rule submitted by the Environmental Protection Agency relating to ""California State Motor Vehicle and Engine Pollution Control Standards; Heavy-Duty Vehicle and Engine Emission Warranty and Maintenance Provisions; Advanced Clean Trucks; Zero Emission Airport Shuttle; Zero-Emission Power Train Certification; Waiver of Preemption; Notice of Decision"".",Yea
C001103,"Carter, Earl L. ""Buddy""",Republican,House of Representatives,1,H2025_0095,2025-04-09,S.J.Res. 28,"A joint resolution disapproving the rule submitted by the Bureau of Consumer Financial Protection relating to ""Defining Larger Participants of a Market for General-Use Digital Consumer Payment Applications"".",Yea
C001103,"Carter, Earl L. ""Buddy""",Republican,House of Representatives,1,H2025_0058,2025-03-05,H.J.Res. 61,"Providing for congressional disapproval under chapter 8 of title 5, United States Code, of the rule submitted by the Environmental Protection Agency relating to ""National Emission Standards for Hazardous Air Pollutants: Rubber Tire Manufacturing"".",Yea
C001103,"Carter, Earl L. ""Buddy""",Republican,House of Representatives,1,H2025_0110,2025-04-29,H.J.Res. 60,"Providing for congressional disapproval under chapter 8 of title 5, United States Code, of the rule submitted by the National Park Service relating to ""Glen Canyon National Recreation Area: Motor Vehicles"".",Yea
C001103,"Carter, Earl L. ""Buddy""",Republican,House of Representatives,1,H2025_0104,2025-04-28,S. 146,TAKE IT DOWN Act,Yea
C001103,"Carter, Earl L. ""Buddy""",Republican,House of Representatives,1,H2025_0078,2025-03-27,H.J.Res. 75,"Providing for congressional disapproval under chapter 8 of title 5, United States Code, of the rule submitted by the Office of Energy Efficiency and Renewable Energy, Department of Energy relating to ""Energy Conservation Program: Energy Conservation Standards for Commercial Refrigerators, Freezers, and Refrigerator-Freezers"".",Yea
C001103,"Carter, Earl L. ""Buddy""",Republican,House of Representatives,1,H2025_0059,2025-03-05,H.J.Res. 42,"Providing for congressional disapproval under chapter 8 of title 5, United States Code, of the rule submitted by the Department of Energy relating to ""Energy Conservation Program for Appliance Standards: Certification Requirements, Labeling Requirements, and Enforcement Provisions for Certain Consumer Products and Commercial Equipment"".",Yea
C001103,"Carter, Earl L. ""Buddy""",Republican,House of Representatives,1,H2025_0077,2025-03-27,H.J.Res. 24,"Providing for congressional disapproval under chapter 8 of title 5, United States Code, of the rule submitted by the Department of Energy relating to ""Energy Conservation Program: Energy Conservation Standards for Walk-In Coolers and Walk-In Freezers"".",Yea
C001103,"Carter, Earl L. ""Buddy""",Republican,House of Representatives,1,H2025_0053,2025-02-27,H.J.Res. 20,"Providing for congressional disapproval under chapter 8 of title 5, United States Code, of the rule submitted by the Department of Energy relating to ""Energy Conservation Program: Energy Conservation Standards for Consumer Gas-fired Instantaneous Water Heaters"".",Yea
C001103,"Carter, Earl L. ""Buddy""",Republican,House of Representatives,1,H2025_0071,2025-03-11,H.J.Res. 25,"Providing for congressional disapproval under chapter 8 of title 5, United States Code, of the rule submitted by the Internal Revenue Service relating to ""Gross Proceeds Reporting by Brokers That Regularly Provide Services Effectuating Digital Asset Sales"".",Yea
C001103,"Carter, Earl L. ""Buddy""",Republican,House of Representatives,1,H2025_0052,2025-02-26,H.J.Res. 35,"Providing for congressional disapproval under chapter 8 of title 5, United States Code, of the rule submitted by the Environmental Protection Agency relating to ""Waste Emissions Charge for Petroleum and Natural Gas Systems: Procedures for Facilitating Compliance, Including Netting and Exemptions"".",Yea
C001103,"Carter, Earl L. ""Buddy""",Republican,House of Representatives,1,H2025_0070,2025-03-11,H.R. 1968,"Full-Year Continuing Appropriations and Extensions Act, 2025",Yea
C001103,"Carter, Earl L. ""Buddy""",Republican,House of Representatives,1,H2025_0069,2025-03-11,H.R. 1968,"Full-Year Continuing Appropriations and Extensions Act, 2025",Nay
C001103,"Carter, Earl L. ""Buddy""",Republican,House of Representatives,1,H2025_0061,2025-03-06,S.J.Res. 11,"A joint resolution providing for congressional disapproval under chapter 8 of title 5, United States Code, of the rule submitted by the Bureau of Ocean Energy Management relating to ""Protection of Marine Archaeological Resources"".",Yea
C001116,"Clyde, Andrew S.",Republican,House of Representatives,9,H2026_0089,2026-03-17,S. 3971,Small Business Innovation and Economic Security Act,Nay
C001116,"Clyde, Andrew S.",Republican,House of Representatives,9,H2026_0181,2026-05-20,S. 1003,Lulu’s Law,Nay
C001116,"Clyde, Andrew S.",Republican,House of Representatives,9,H2025_0023,2025-01-22,S. 5,Laken Riley Act,Yea
C001116,"Clyde, Andrew S.",Republican,House of Representatives,9,H2026_0214,2026-06-09,S. 2,Secure America Act,Yea
C001116,"Clyde, Andrew S.",Republican,House of Representatives,9,H2026_0213,2026-06-09,S. 2,Secure America Act,Nay
C001116,"Clyde, Andrew S.",Republican,House of Representatives,9,H2026_0224,2026-06-23,H.R. 6644,21st Century ROAD to Housing Act,Nay
C001116,"Clyde, Andrew S.",Republican,House of Representatives,9,H2026_0057,2026-02-09,H.R. 6644,21st Century ROAD to Housing Act,Yea
C001116,"Clyde, Andrew S.",Republican,House of Representatives,9,H2026_0223,2026-06-23,S. 629,Emergency Conservation Program Improvement Act of 2025,Nay
C001116,"Clyde, Andrew S.",Republican,House of Representatives,9,H2026_0193,2026-06-03,S. 254,ARTIST Act,Nay
C001116,"Clyde, Andrew S.",Republican,House of Representatives,9,H2026_0180,2026-05-20,S. 2393,Fiscal Year 2025 Veterans Affairs Major Medical Facility Authorization Act,Yea
C001116,"Clyde, Andrew S.",Republican,House of Representatives,9,H2026_0042,2026-01-22,H.R. 7147,"Homeland Security and Further Additional Continuing Appropriations Act, 2026.",Yea
C001116,"Clyde, Andrew S.",Republican,House of Representatives,9,H2026_0129,2026-04-21,S. 1020,A bill to require the Federal Energy Regulatory Commission to extend the time period during which licensees are required to commence construction of certain hydropower projects.,Nay
C001116,"Clyde, Andrew S.",Republican,House of Representatives,9,H2026_0081,2026-03-04,S. 723,Tribal Trust Land Homeownership Act of 2025,Nay
C001116,"Clyde, Andrew S.",Republican,House of Representatives,9,H2026_0155,2026-04-30,S. 4465,"A bill to amend the FISA Amendments Act of 2008 to extend the authorities of title VII of the Foreign Intelligence Surveillance Act of 1978, and for other purposes.",Not Voting
C001116,"Clyde, Andrew S.",Republican,House of Representatives,9,H2026_0038,2026-01-21,H.J.Res. 140,"Providing for congressional disapproval under chapter 8 of title 5, United States Code, of the rule submitted by the Bureau of Land Management relating to Public Land Order No. 7917 for Withdrawal of Federal Lands; Cook, Lake, and Saint Louis Counties, MN.",Yea
C001116,"Clyde, Andrew S.",Republican,House of Representatives,9,H2025_0151,2025-06-04,H.R. 2483,SUPPORT for Patients and Communities Reauthorization Act of 2025,Nay
C001116,"Clyde, Andrew S.",Republican,House of Representatives,9,H2026_0056,2026-02-04,H.J.Res. 142,Disapproving the action of the District of Columbia Council in approving the D.C. Income and Franchise Tax Conformity and Revision Temporary Amendment Act of 2025.,Yea
C001116,"Clyde, Andrew S.",Republican,House of Representatives,9,H2026_0053,2026-02-03,H.R. 7148,"Consolidated Appropriations Act, 2026",Yea
C001116,"Clyde, Andrew S.",Republican,House of Representatives,9,H2026_0045,2026-01-22,H.R. 7148,"Consolidated Appropriations Act, 2026",Yea
C001116,"Clyde, Andrew S.",Republican,House of Representatives,9,H2026_0007,2026-01-08,H.R. 6938,"Commerce, Justice, Science; Energy and Water Development; and Interior and Environment Appropriations Act, 2026",Yea
C001116,"Clyde, Andrew S.",Republican,House of Representatives,9,H2026_0006,2026-01-08,H.R. 6938,"Commerce, Justice, Science; Energy and Water Development; and Interior and Environment Appropriations Act, 2026",Yea
C001116,"Clyde, Andrew S.",Republican,House of Representatives,9,H2026_0005,2026-01-08,H.R. 6938,"Commerce, Justice, Science; Energy and Water Development; and Interior and Environment Appropriations Act, 2026",Nay
C001116,"Clyde, Andrew S.",Republican,House of Representatives,9,H2025_0335,2025-12-15,S. 284,Congressional Award Program Reauthorization Act,Not Voting
C001116,"Clyde, Andrew S.",Republican,House of Representatives,9,H2025_0088,2025-04-01,H.R. 1491,Disaster Related Extension of Deadlines Act,Yea
C001116,"Clyde, Andrew S.",Republican,House of Representatives,9,H2025_0019,2025-01-21,H.R. 187,MAPWaters Act of 2025,Yea
C001116,"Clyde, Andrew S.",Republican,House of Representatives,9,H2025_0320,2025-12-10,S. 1071,National Defense Authorization Act for Fiscal Year 2026,Yea
C001116,"Clyde, Andrew S.",Republican,House of Representatives,9,H2025_0319,2025-12-10,S. 1071,National Defense Authorization Act for Fiscal Year 2026,Nay
C001116,"Clyde, Andrew S.",Republican,House of Representatives,9,H2025_0022,2025-01-22,H.R. 165,Wounded Knee Massacre Memorial and Sacred Site Act,Yea
C001116,"Clyde, Andrew S.",Republican,House of Representatives,9,H2025_0315,2025-12-09,S. 356,Secure Rural Schools Reauthorization Act of 2025,Yea
C001116,"Clyde, Andrew S.",Republican,House of Representatives,9,H2025_0295,2025-11-18,H.J.Res. 131,"Providing for congressional disapproval under chapter 8 of title 5, United States Code, of the rule submitted by the Bureau of Land Management relating to Coastal Plain Oil and Gas Leasing Program Record of Decision.",Yea
C001116,"Clyde, Andrew S.",Republican,House of Representatives,9,H2025_0294,2025-11-18,H.J.Res. 130,"Providing for congressional disapproval under chapter 8 of title 5, United States Code, of the rule submitted by the Bureau of Land Management relating to Buffalo Field Office Record of Decision and Approved Resource Management Plan Amendment.",Yea
C001116,"Clyde, Andrew S.",Republican,House of Representatives,9,H2025_0225,2025-09-03,H.J.Res. 106,"Providing for congressional disapproval under chapter 8 of title 5, United States Code, of the rule submitted by the Bureau of Land Management relating to ""Central Yukon Record of Decision and Approved Resource Management Plan"".",Yea
C001116,"Clyde, Andrew S.",Republican,House of Representatives,9,H2025_0226,2025-09-03,H.J.Res. 105,"Providing for congressional disapproval under chapter 8 of title 5, United States Code, of the rule submitted by the Bureau of Land Management relating to ""North Dakota Field Office Record of Decision and Approved Resource Management Plan"".",Yea
C001116,"Clyde, Andrew S.",Republican,House of Representatives,9,H2025_0224,2025-09-03,H.J.Res. 104,"Providing for congressional disapproval under chapter 8 of title 5, United States Code, of the rule submitted by the Bureau of Land Management relating to ""Miles City Field Office Record of Decision and Approved Resource Management Plan Amendment"".",Yea
C001116,"Clyde, Andrew S.",Republican,House of Representatives,9,H2025_0296,2025-11-18,S.J.Res. 80,"A joint resolution providing for congressional disapproval under chapter 8 of title 5, United States Code, of the rule submitted by the Bureau of Land Management relating to ""National Petroleum Reserve in Alaska Integrated Activity Plan Record of Decision"".",Yea
C001116,"Clyde, Andrew S.",Republican,House of Representatives,9,H2025_0051,2025-02-26,H.R. 695,Medal of Honor Act,Yea
C001116,"Clyde, Andrew S.",Republican,House of Representatives,9,H2025_0289,2025-11-18,H.R. 4405,Epstein Files Transparency Act,Yea
C001116,"Clyde, Andrew S.",Republican,House of Representatives,9,H2025_0200,2025-07-17,S. 1582,GENIUS Act,Yea
C001116,"Clyde, Andrew S.",Republican,House of Representatives,9,H2025_0285,2025-11-12,H.R. 5371,"Continuing Appropriations, Agriculture, Legislative Branch, Military Construction and Veterans Affairs, and Extensions Act, 2026",Yea
C001116,"Clyde, Andrew S.",Republican,House of Representatives,9,H2025_0281,2025-09-19,H.R. 5371,"Continuing Appropriations, Agriculture, Legislative Branch, Military Construction and Veterans Affairs, and Extensions Act, 2026",Yea
C001116,"Clyde, Andrew S.",Republican,House of Representatives,9,H2025_0280,2025-09-19,H.R. 5371,"Continuing Appropriations, Agriculture, Legislative Branch, Military Construction and Veterans Affairs, and Extensions Act, 2026",Nay
C001116,"Clyde, Andrew S.",Republican,House of Representatives,9,H2025_0096,2025-04-09,S.J.Res. 18,"A joint resolution disapproving the rule submitted by the Bureau of Consumer Financial Protection relating to ""Overdraft Lending: Very Large Financial Institutions"".",Yea
C001116,"Clyde, Andrew S.",Republican,House of Representatives,9,H2025_0166,2025-06-12,S. 331,HALT Fentanyl Act,Yea
C001116,"Clyde, Andrew S.",Republican,House of Representatives,9,H2025_0168,2025-06-12,H.R. 4,Rescissions Act of 2025,Yea
C001116,"Clyde, Andrew S.",Republican,House of Representatives,9,H2025_0167,2025-06-12,H.R. 4,Rescissions Act of 2025,Nay
C001116,"Clyde, Andrew S.",Republican,House of Representatives,9,H2025_0193,2025-07-14,S. 1596,Jocelyn Nungaray National Wildlife Refuge Act,Yea
C001116,"Clyde, Andrew S.",Republican,House of Representatives,9,H2025_0084,2025-03-31,H.R. 517,Filing Relief for Natural Disasters Act,Yea
C001116,"Clyde, Andrew S.",Republican,House of Representatives,9,H2025_0125,2025-05-14,H.R. 2215,Salem Maritime National Historical Park Redesignation and Boundary Study Act,Nay
C001116,"Clyde, Andrew S.",Republican,House of Representatives,9,H2025_0190,2025-07-03,H.R. 1,An act to provide for reconciliation pursuant to title II of H. Con. Res. 14.,Yea
C001116,"Clyde, Andrew S.",Republican,House of Representatives,9,H2025_0145,2025-05-22,H.R. 1,An act to provide for reconciliation pursuant to title II of H. Con. Res. 14.,Yea
C001116,"Clyde, Andrew S.",Republican,House of Representatives,9,H2025_0144,2025-05-22,H.R. 1,An act to provide for reconciliation pursuant to title II of H. Con. Res. 14.,Nay
C001116,"Clyde, Andrew S.",Republican,House of Representatives,9,H2025_0028,2025-02-04,H.R. 43,Alaska Native Village Municipal Lands Restoration Act of 2025,Yea
C001116,"Clyde, Andrew S.",Republican,House of Representatives,9,H2025_0137,2025-05-20,S.J.Res. 13,"A joint resolution providing for congressional disapproval under chapter 8 of title 5, United States Code, of the rule submitted by the Office of the Comptroller of the Currency of the Department of the Treasury relating to the review of applications under the Bank Merger Act.",Yea
C001116,"Clyde, Andrew S.",Republican,House of Representatives,9,H2025_0143,2025-05-22,S.J.Res. 31,"A joint resolution providing for congressional disapproval under chapter 8 of title 5, United States Code, of the rule submitted by the Environmental Protection Agency relating to ""Review of Final Rule Reclassification of Major Sources as Area Sources Under Section 112 of the Clean Air Act"".",Yea
C001116,"Clyde, Andrew S.",Republican,House of Representatives,9,H2025_0112,2025-04-30,H.J.Res. 89,"Providing congressional disapproval under chapter 8 of title 5, United States Code, of the rule submitted by the Environmental Protection Agency relating to ""California State Motor Vehicle and Engine and Nonroad Engine Pollution Control Standards; The ""Omnibus"" Low NOX Regulation; Waiver of Preemption; Notice of Decision"".",Yea
C001116,"Clyde, Andrew S.",Republican,House of Representatives,9,H2025_0114,2025-05-01,H.J.Res. 88,"Providing congressional disapproval under chapter 8 of title 5, United States Code, of the rule submitted by the Environmental Protection Agency relating to ""California State Motor Vehicle and Engine Pollution Control Standards; Advanced Clean Cars II; Waiver of Preemption; Notice of Decision"".",Yea
C001116,"Clyde, Andrew S.",Republican,House of Representatives,9,H2025_0111,2025-04-30,H.J.Res. 87,"Providing congressional disapproval under chapter 8 of title 5, United States Code, of the rule submitted by the Environmental Protection Agency relating to ""California State Motor Vehicle and Engine Pollution Control Standards; Heavy-Duty Vehicle and Engine Emission Warranty and Maintenance Provisions; Advanced Clean Trucks; Zero Emission Airport Shuttle; Zero-Emission Power Train Certification; Waiver of Preemption; Notice of Decision"".",Yea
C001116,"Clyde, Andrew S.",Republican,House of Representatives,9,H2025_0095,2025-04-09,S.J.Res. 28,"A joint resolution disapproving the rule submitted by the Bureau of Consumer Financial Protection relating to ""Defining Larger Participants of a Market for General-Use Digital Consumer Payment Applications"".",Yea
C001116,"Clyde, Andrew S.",Republican,House of Representatives,9,H2025_0058,2025-03-05,H.J.Res. 61,"Providing for congressional disapproval under chapter 8 of title 5, United States Code, of the rule submitted by the Environmental Protection Agency relating to ""National Emission Standards for Hazardous Air Pollutants: Rubber Tire Manufacturing"".",Yea
C001116,"Clyde, Andrew S.",Republican,House of Representatives,9,H2025_0110,2025-04-29,H.J.Res. 60,"Providing for congressional disapproval under chapter 8 of title 5, United States Code, of the rule submitted by the National Park Service relating to ""Glen Canyon National Recreation Area: Motor Vehicles"".",Yea
C001116,"Clyde, Andrew S.",Republican,House of Representatives,9,H2025_0104,2025-04-28,S. 146,TAKE IT DOWN Act,Yea
C001116,"Clyde, Andrew S.",Republican,House of Representatives,9,H2025_0078,2025-03-27,H.J.Res. 75,"Providing for congressional disapproval under chapter 8 of title 5, United States Code, of the rule submitted by the Office of Energy Efficiency and Renewable Energy, Department of Energy relating to ""Energy Conservation Program: Energy Conservation Standards for Commercial Refrigerators, Freezers, and Refrigerator-Freezers"".",Yea
C001116,"Clyde, Andrew S.",Republican,House of Representatives,9,H2025_0059,2025-03-05,H.J.Res. 42,"Providing for congressional disapproval under chapter 8 of title 5, United States Code, of the rule submitted by the Department of Energy relating to ""Energy Conservation Program for Appliance Standards: Certification Requirements, Labeling Requirements, and Enforcement Provisions for Certain Consumer Products and Commercial Equipment"".",Yea
C001116,"Clyde, Andrew S.",Republican,House of Representatives,9,H2025_0077,2025-03-27,H.J.Res. 24,"Providing for congressional disapproval under chapter 8 of title 5, United States Code, of the rule submitted by the Department of Energy relating to ""Energy Conservation Program: Energy Conservation Standards for Walk-In Coolers and Walk-In Freezers"".",Yea
C001116,"Clyde, Andrew S.",Republican,House of Representatives,9,H2025_0053,2025-02-27,H.J.Res. 20,"Providing for congressional disapproval under chapter 8 of title 5, United States Code, of the rule submitted by the Department of Energy relating to ""Energy Conservation Program: Energy Conservation Standards for Consumer Gas-fired Instantaneous Water Heaters"".",Yea
C001116,"Clyde, Andrew S.",Republican,House of Representatives,9,H2025_0071,2025-03-11,H.J.Res. 25,"Providing for congressional disapproval under chapter 8 of title 5, United States Code, of the rule submitted by the Internal Revenue Service relating to ""Gross Proceeds Reporting by Brokers That Regularly Provide Services Effectuating Digital Asset Sales"".",Yea
C001116,"Clyde, Andrew S.",Republican,House of Representatives,9,H2025_0052,2025-02-26,H.J.Res. 35,"Providing for congressional disapproval under chapter 8 of title 5, United States Code, of the rule submitted by the Environmental Protection Agency relating to ""Waste Emissions Charge for Petroleum and Natural Gas Systems: Procedures for Facilitating Compliance, Including Netting and Exemptions"".",Yea
C001116,"Clyde, Andrew S.",Republican,House of Representatives,9,H2025_0070,2025-03-11,H.R. 1968,"Full-Year Continuing Appropriations and Extensions Act, 2025",Yea
C001116,"Clyde, Andrew S.",Republican,House of Representatives,9,H2025_0069,2025-03-11,H.R. 1968,"Full-Year Continuing Appropriations and Extensions Act, 2025",Nay
C001116,"Clyde, Andrew S.",Republican,House of Representatives,9,H2025_0061,2025-03-06,S.J.Res. 11,"A joint resolution providing for congressional disapproval under chapter 8 of title 5, United States Code, of the rule submitted by the Bureau of Ocean Energy Management relating to ""Protection of Marine Archaeological Resources"".",Yea
C001129,"Collins, Mike",Republican,House of Representatives,10,H2026_0089,2026-03-17,S. 3971,Small Business Innovation and Economic Security Act,Nay
C001129,"Collins, Mike",Republican,House of Representatives,10,H2026_0181,2026-05-20,S. 1003,Lulu’s Law,Yea
C001129,"Collins, Mike",Republican,House of Representatives,10,H2025_0023,2025-01-22,S. 5,Laken Riley Act,Yea
C001129,"Collins, Mike",Republican,House of Representatives,10,H2026_0214,2026-06-09,S. 2,Secure America Act,Yea
C001129,"Collins, Mike",Republican,House of Representatives,10,H2026_0213,2026-06-09,S. 2,Secure America Act,Nay
C001129,"Collins, Mike",Republican,House of Representatives,10,H2026_0224,2026-06-23,H.R. 6644,21st Century ROAD to Housing Act,Yea
C001129,"Collins, Mike",Republican,House of Representatives,10,H2026_0057,2026-02-09,H.R. 6644,21st Century ROAD to Housing Act,Yea
C001129,"Collins, Mike",Republican,House of Representatives,10,H2026_0223,2026-06-23,S. 629,Emergency Conservation Program Improvement Act of 2025,Yea
C001129,"Collins, Mike",Republican,House of Representatives,10,H2026_0193,2026-06-03,S. 254,ARTIST Act,Yea
C001129,"Collins, Mike",Republican,House of Representatives,10,H2026_0180,2026-05-20,S. 2393,Fiscal Year 2025 Veterans Affairs Major Medical Facility Authorization Act,Yea
C001129,"Collins, Mike",Republican,House of Representatives,10,H2026_0042,2026-01-22,H.R. 7147,"Homeland Security and Further Additional Continuing Appropriations Act, 2026.",Yea
C001129,"Collins, Mike",Republican,House of Representatives,10,H2026_0129,2026-04-21,S. 1020,A bill to require the Federal Energy Regulatory Commission to extend the time period during which licensees are required to commence construction of certain hydropower projects.,Yea
C001129,"Collins, Mike",Republican,House of Representatives,10,H2026_0081,2026-03-04,S. 723,Tribal Trust Land Homeownership Act of 2025,Yea
C001129,"Collins, Mike",Republican,House of Representatives,10,H2026_0155,2026-04-30,S. 4465,"A bill to amend the FISA Amendments Act of 2008 to extend the authorities of title VII of the Foreign Intelligence Surveillance Act of 1978, and for other purposes.",Nay
C001129,"Collins, Mike",Republican,House of Representatives,10,H2026_0038,2026-01-21,H.J.Res. 140,"Providing for congressional disapproval under chapter 8 of title 5, United States Code, of the rule submitted by the Bureau of Land Management relating to Public Land Order No. 7917 for Withdrawal of Federal Lands; Cook, Lake, and Saint Louis Counties, MN.",Yea
C001129,"Collins, Mike",Republican,House of Representatives,10,H2025_0151,2025-06-04,H.R. 2483,SUPPORT for Patients and Communities Reauthorization Act of 2025,Yea
C001129,"Collins, Mike",Republican,House of Representatives,10,H2026_0056,2026-02-04,H.J.Res. 142,Disapproving the action of the District of Columbia Council in approving the D.C. Income and Franchise Tax Conformity and Revision Temporary Amendment Act of 2025.,Yea
C001129,"Collins, Mike",Republican,House of Representatives,10,H2026_0053,2026-02-03,H.R. 7148,"Consolidated Appropriations Act, 2026",Yea
C001129,"Collins, Mike",Republican,House of Representatives,10,H2026_0045,2026-01-22,H.R. 7148,"Consolidated Appropriations Act, 2026",Yea
C001129,"Collins, Mike",Republican,House of Representatives,10,H2026_0007,2026-01-08,H.R. 6938,"Commerce, Justice, Science; Energy and Water Development; and Interior and Environment Appropriations Act, 2026",Yea
C001129,"Collins, Mike",Republican,House of Representatives,10,H2026_0006,2026-01-08,H.R. 6938,"Commerce, Justice, Science; Energy and Water Development; and Interior and Environment Appropriations Act, 2026",Yea
C001129,"Collins, Mike",Republican,House of Representatives,10,H2026_0005,2026-01-08,H.R. 6938,"Commerce, Justice, Science; Energy and Water Development; and Interior and Environment Appropriations Act, 2026",Yea
C001129,"Collins, Mike",Republican,House of Representatives,10,H2025_0335,2025-12-15,S. 284,Congressional Award Program Reauthorization Act,Not Voting
C001129,"Collins, Mike",Republican,House of Representatives,10,H2025_0088,2025-04-01,H.R. 1491,Disaster Related Extension of Deadlines Act,Yea
C001129,"Collins, Mike",Republican,House of Representatives,10,H2025_0019,2025-01-21,H.R. 187,MAPWaters Act of 2025,Yea
C001129,"Collins, Mike",Republican,House of Representatives,10,H2025_0320,2025-12-10,S. 1071,National Defense Authorization Act for Fiscal Year 2026,Yea
C001129,"Collins, Mike",Republican,House of Representatives,10,H2025_0319,2025-12-10,S. 1071,National Defense Authorization Act for Fiscal Year 2026,Nay
C001129,"Collins, Mike",Republican,House of Representatives,10,H2025_0022,2025-01-22,H.R. 165,Wounded Knee Massacre Memorial and Sacred Site Act,Yea
C001129,"Collins, Mike",Republican,House of Representatives,10,H2025_0315,2025-12-09,S. 356,Secure Rural Schools Reauthorization Act of 2025,Not Voting
C001129,"Collins, Mike",Republican,House of Representatives,10,H2025_0295,2025-11-18,H.J.Res. 131,"Providing for congressional disapproval under chapter 8 of title 5, United States Code, of the rule submitted by the Bureau of Land Management relating to Coastal Plain Oil and Gas Leasing Program Record of Decision.",Yea
C001129,"Collins, Mike",Republican,House of Representatives,10,H2025_0294,2025-11-18,H.J.Res. 130,"Providing for congressional disapproval under chapter 8 of title 5, United States Code, of the rule submitted by the Bureau of Land Management relating to Buffalo Field Office Record of Decision and Approved Resource Management Plan Amendment.",Yea
C001129,"Collins, Mike",Republican,House of Representatives,10,H2025_0225,2025-09-03,H.J.Res. 106,"Providing for congressional disapproval under chapter 8 of title 5, United States Code, of the rule submitted by the Bureau of Land Management relating to ""Central Yukon Record of Decision and Approved Resource Management Plan"".",Yea
C001129,"Collins, Mike",Republican,House of Representatives,10,H2025_0226,2025-09-03,H.J.Res. 105,"Providing for congressional disapproval under chapter 8 of title 5, United States Code, of the rule submitted by the Bureau of Land Management relating to ""North Dakota Field Office Record of Decision and Approved Resource Management Plan"".",Yea
C001129,"Collins, Mike",Republican,House of Representatives,10,H2025_0224,2025-09-03,H.J.Res. 104,"Providing for congressional disapproval under chapter 8 of title 5, United States Code, of the rule submitted by the Bureau of Land Management relating to ""Miles City Field Office Record of Decision and Approved Resource Management Plan Amendment"".",Yea
C001129,"Collins, Mike",Republican,House of Representatives,10,H2025_0296,2025-11-18,S.J.Res. 80,"A joint resolution providing for congressional disapproval under chapter 8 of title 5, United States Code, of the rule submitted by the Bureau of Land Management relating to ""National Petroleum Reserve in Alaska Integrated Activity Plan Record of Decision"".",Yea
C001129,"Collins, Mike",Republican,House of Representatives,10,H2025_0051,2025-02-26,H.R. 695,Medal of Honor Act,Yea
C001129,"Collins, Mike",Republican,House of Representatives,10,H2025_0289,2025-11-18,H.R. 4405,Epstein Files Transparency Act,Yea
C001129,"Collins, Mike",Republican,House of Representatives,10,H2025_0200,2025-07-17,S. 1582,GENIUS Act,Yea
C001129,"Collins, Mike",Republican,House of Representatives,10,H2025_0285,2025-11-12,H.R. 5371,"Continuing Appropriations, Agriculture, Legislative Branch, Military Construction and Veterans Affairs, and Extensions Act, 2026",Yea
C001129,"Collins, Mike",Republican,House of Representatives,10,H2025_0281,2025-09-19,H.R. 5371,"Continuing Appropriations, Agriculture, Legislative Branch, Military Construction and Veterans Affairs, and Extensions Act, 2026",Yea
C001129,"Collins, Mike",Republican,House of Representatives,10,H2025_0280,2025-09-19,H.R. 5371,"Continuing Appropriations, Agriculture, Legislative Branch, Military Construction and Veterans Affairs, and Extensions Act, 2026",Nay
C001129,"Collins, Mike",Republican,House of Representatives,10,H2025_0096,2025-04-09,S.J.Res. 18,"A joint resolution disapproving the rule submitted by the Bureau of Consumer Financial Protection relating to ""Overdraft Lending: Very Large Financial Institutions"".",Yea
C001129,"Collins, Mike",Republican,House of Representatives,10,H2025_0166,2025-06-12,S. 331,HALT Fentanyl Act,Yea
C001129,"Collins, Mike",Republican,House of Representatives,10,H2025_0168,2025-06-12,H.R. 4,Rescissions Act of 2025,Yea
C001129,"Collins, Mike",Republican,House of Representatives,10,H2025_0167,2025-06-12,H.R. 4,Rescissions Act of 2025,Nay
C001129,"Collins, Mike",Republican,House of Representatives,10,H2025_0193,2025-07-14,S. 1596,Jocelyn Nungaray National Wildlife Refuge Act,Yea
C001129,"Collins, Mike",Republican,House of Representatives,10,H2025_0084,2025-03-31,H.R. 517,Filing Relief for Natural Disasters Act,Yea
C001129,"Collins, Mike",Republican,House of Representatives,10,H2025_0125,2025-05-14,H.R. 2215,Salem Maritime National Historical Park Redesignation and Boundary Study Act,Yea
C001129,"Collins, Mike",Republican,House of Representatives,10,H2025_0190,2025-07-03,H.R. 1,An act to provide for reconciliation pursuant to title II of H. Con. Res. 14.,Yea
C001129,"Collins, Mike",Republican,House of Representatives,10,H2025_0145,2025-05-22,H.R. 1,An act to provide for reconciliation pursuant to title II of H. Con. Res. 14.,Yea
C001129,"Collins, Mike",Republican,House of Representatives,10,H2025_0144,2025-05-22,H.R. 1,An act to provide for reconciliation pursuant to title II of H. Con. Res. 14.,Nay
C001129,"Collins, Mike",Republican,House of Representatives,10,H2025_0028,2025-02-04,H.R. 43,Alaska Native Village Municipal Lands Restoration Act of 2025,Yea
C001129,"Collins, Mike",Republican,House of Representatives,10,H2025_0137,2025-05-20,S.J.Res. 13,"A joint resolution providing for congressional disapproval under chapter 8 of title 5, United States Code, of the rule submitted by the Office of the Comptroller of the Currency of the Department of the Treasury relating to the review of applications under the Bank Merger Act.",Yea
C001129,"Collins, Mike",Republican,House of Representatives,10,H2025_0143,2025-05-22,S.J.Res. 31,"A joint resolution providing for congressional disapproval under chapter 8 of title 5, United States Code, of the rule submitted by the Environmental Protection Agency relating to ""Review of Final Rule Reclassification of Major Sources as Area Sources Under Section 112 of the Clean Air Act"".",Yea
C001129,"Collins, Mike",Republican,House of Representatives,10,H2025_0112,2025-04-30,H.J.Res. 89,"Providing congressional disapproval under chapter 8 of title 5, United States Code, of the rule submitted by the Environmental Protection Agency relating to ""California State Motor Vehicle and Engine and Nonroad Engine Pollution Control Standards; The ""Omnibus"" Low NOX Regulation; Waiver of Preemption; Notice of Decision"".",Not Voting
C001129,"Collins, Mike",Republican,House of Representatives,10,H2025_0114,2025-05-01,H.J.Res. 88,"Providing congressional disapproval under chapter 8 of title 5, United States Code, of the rule submitted by the Environmental Protection Agency relating to ""California State Motor Vehicle and Engine Pollution Control Standards; Advanced Clean Cars II; Waiver of Preemption; Notice of Decision"".",Yea
C001129,"Collins, Mike",Republican,House of Representatives,10,H2025_0111,2025-04-30,H.J.Res. 87,"Providing congressional disapproval under chapter 8 of title 5, United States Code, of the rule submitted by the Environmental Protection Agency relating to ""California State Motor Vehicle and Engine Pollution Control Standards; Heavy-Duty Vehicle and Engine Emission Warranty and Maintenance Provisions; Advanced Clean Trucks; Zero Emission Airport Shuttle; Zero-Emission Power Train Certification; Waiver of Preemption; Notice of Decision"".",Yea
C001129,"Collins, Mike",Republican,House of Representatives,10,H2025_0095,2025-04-09,S.J.Res. 28,"A joint resolution disapproving the rule submitted by the Bureau of Consumer Financial Protection relating to ""Defining Larger Participants of a Market for General-Use Digital Consumer Payment Applications"".",Yea
C001129,"Collins, Mike",Republican,House of Representatives,10,H2025_0058,2025-03-05,H.J.Res. 61,"Providing for congressional disapproval under chapter 8 of title 5, United States Code, of the rule submitted by the Environmental Protection Agency relating to ""National Emission Standards for Hazardous Air Pollutants: Rubber Tire Manufacturing"".",Yea
C001129,"Collins, Mike",Republican,House of Representatives,10,H2025_0110,2025-04-29,H.J.Res. 60,"Providing for congressional disapproval under chapter 8 of title 5, United States Code, of the rule submitted by the National Park Service relating to ""Glen Canyon National Recreation Area: Motor Vehicles"".",Yea
C001129,"Collins, Mike",Republican,House of Representatives,10,H2025_0104,2025-04-28,S. 146,TAKE IT DOWN Act,Yea
C001129,"Collins, Mike",Republican,House of Representatives,10,H2025_0078,2025-03-27,H.J.Res. 75,"Providing for congressional disapproval under chapter 8 of title 5, United States Code, of the rule submitted by the Office of Energy Efficiency and Renewable Energy, Department of Energy relating to ""Energy Conservation Program: Energy Conservation Standards for Commercial Refrigerators, Freezers, and Refrigerator-Freezers"".",Yea
C001129,"Collins, Mike",Republican,House of Representatives,10,H2025_0059,2025-03-05,H.J.Res. 42,"Providing for congressional disapproval under chapter 8 of title 5, United States Code, of the rule submitted by the Department of Energy relating to ""Energy Conservation Program for Appliance Standards: Certification Requirements, Labeling Requirements, and Enforcement Provisions for Certain Consumer Products and Commercial Equipment"".",Yea
C001129,"Collins, Mike",Republican,House of Representatives,10,H2025_0077,2025-03-27,H.J.Res. 24,"Providing for congressional disapproval under chapter 8 of title 5, United States Code, of the rule submitted by the Department of Energy relating to ""Energy Conservation Program: Energy Conservation Standards for Walk-In Coolers and Walk-In Freezers"".",Yea
C001129,"Collins, Mike",Republican,House of Representatives,10,H2025_0053,2025-02-27,H.J.Res. 20,"Providing for congressional disapproval under chapter 8 of title 5, United States Code, of the rule submitted by the Department of Energy relating to ""Energy Conservation Program: Energy Conservation Standards for Consumer Gas-fired Instantaneous Water Heaters"".",Yea
C001129,"Collins, Mike",Republican,House of Representatives,10,H2025_0071,2025-03-11,H.J.Res. 25,"Providing for congressional disapproval under chapter 8 of title 5, United States Code, of the rule submitted by the Internal Revenue Service relating to ""Gross Proceeds Reporting by Brokers That Regularly Provide Services Effectuating Digital Asset Sales"".",Yea
C001129,"Collins, Mike",Republican,House of Representatives,10,H2025_0052,2025-02-26,H.J.Res. 35,"Providing for congressional disapproval under chapter 8 of title 5, United States Code, of the rule submitted by the Environmental Protection Agency relating to ""Waste Emissions Charge for Petroleum and Natural Gas Systems: Procedures for Facilitating Compliance, Including Netting and Exemptions"".",Yea
C001129,"Collins, Mike",Republican,House of Representatives,10,H2025_0070,2025-03-11,H.R. 1968,"Full-Year Continuing Appropriations and Extensions Act, 2025",Yea
C001129,"Collins, Mike",Republican,House of Representatives,10,H2025_0069,2025-03-11,H.R. 1968,"Full-Year Continuing Appropriations and Extensions Act, 2025",Nay
C001129,"Collins, Mike",Republican,House of Representatives,10,H2025_0061,2025-03-06,S.J.Res. 11,"A joint resolution providing for congressional disapproval under chapter 8 of title 5, United States Code, of the rule submitted by the Bureau of Ocean Energy Management relating to ""Protection of Marine Archaeological Resources"".",Yea
J000311,"Jack, Brian",Republican,House of Representatives,3,H2026_0089,2026-03-17,S. 3971,Small Business Innovation and Economic Security Act,Yea
J000311,"Jack, Brian",Republican,House of Representatives,3,H2026_0181,2026-05-20,S. 1003,Lulu’s Law,Yea
J000311,"Jack, Brian",Republican,House of Representatives,3,H2025_0023,2025-01-22,S. 5,Laken Riley Act,Yea
J000311,"Jack, Brian",Republican,House of Representatives,3,H2026_0214,2026-06-09,S. 2,Secure America Act,Yea
J000311,"Jack, Brian",Republican,House of Representatives,3,H2026_0213,2026-06-09,S. 2,Secure America Act,Nay
J000311,"Jack, Brian",Republican,House of Representatives,3,H2026_0224,2026-06-23,H.R. 6644,21st Century ROAD to Housing Act,Yea
J000311,"Jack, Brian",Republican,House of Representatives,3,H2026_0057,2026-02-09,H.R. 6644,21st Century ROAD to Housing Act,Yea
J000311,"Jack, Brian",Republican,House of Representatives,3,H2026_0223,2026-06-23,S. 629,Emergency Conservation Program Improvement Act of 2025,Yea
J000311,"Jack, Brian",Republican,House of Representatives,3,H2026_0193,2026-06-03,S. 254,ARTIST Act,Yea
J000311,"Jack, Brian",Republican,House of Representatives,3,H2026_0180,2026-05-20,S. 2393,Fiscal Year 2025 Veterans Affairs Major Medical Facility Authorization Act,Yea
J000311,"Jack, Brian",Republican,House of Representatives,3,H2026_0042,2026-01-22,H.R. 7147,"Homeland Security and Further Additional Continuing Appropriations Act, 2026.",Yea
J000311,"Jack, Brian",Republican,House of Representatives,3,H2026_0129,2026-04-21,S. 1020,A bill to require the Federal Energy Regulatory Commission to extend the time period during which licensees are required to commence construction of certain hydropower projects.,Yea
J000311,"Jack, Brian",Republican,House of Representatives,3,H2026_0081,2026-03-04,S. 723,Tribal Trust Land Homeownership Act of 2025,Yea
J000311,"Jack, Brian",Republican,House of Representatives,3,H2026_0155,2026-04-30,S. 4465,"A bill to amend the FISA Amendments Act of 2008 to extend the authorities of title VII of the Foreign Intelligence Surveillance Act of 1978, and for other purposes.",Yea
J000311,"Jack, Brian",Republican,House of Representatives,3,H2026_0038,2026-01-21,H.J.Res. 140,"Providing for congressional disapproval under chapter 8 of title 5, United States Code, of the rule submitted by the Bureau of Land Management relating to Public Land Order No. 7917 for Withdrawal of Federal Lands; Cook, Lake, and Saint Louis Counties, MN.",Yea
J000311,"Jack, Brian",Republican,House of Representatives,3,H2025_0151,2025-06-04,H.R. 2483,SUPPORT for Patients and Communities Reauthorization Act of 2025,Yea
J000311,"Jack, Brian",Republican,House of Representatives,3,H2026_0056,2026-02-04,H.J.Res. 142,Disapproving the action of the District of Columbia Council in approving the D.C. Income and Franchise Tax Conformity and Revision Temporary Amendment Act of 2025.,Yea
J000311,"Jack, Brian",Republican,House of Representatives,3,H2026_0053,2026-02-03,H.R. 7148,"Consolidated Appropriations Act, 2026",Yea
J000311,"Jack, Brian",Republican,House of Representatives,3,H2026_0045,2026-01-22,H.R. 7148,"Consolidated Appropriations Act, 2026",Yea
J000311,"Jack, Brian",Republican,House of Representatives,3,H2026_0007,2026-01-08,H.R. 6938,"Commerce, Justice, Science; Energy and Water Development; and Interior and Environment Appropriations Act, 2026",Yea
J000311,"Jack, Brian",Republican,House of Representatives,3,H2026_0006,2026-01-08,H.R. 6938,"Commerce, Justice, Science; Energy and Water Development; and Interior and Environment Appropriations Act, 2026",Yea
J000311,"Jack, Brian",Republican,House of Representatives,3,H2026_0005,2026-01-08,H.R. 6938,"Commerce, Justice, Science; Energy and Water Development; and Interior and Environment Appropriations Act, 2026",Yea
J000311,"Jack, Brian",Republican,House of Representatives,3,H2025_0335,2025-12-15,S. 284,Congressional Award Program Reauthorization Act,Yea
J000311,"Jack, Brian",Republican,House of Representatives,3,H2025_0088,2025-04-01,H.R. 1491,Disaster Related Extension of Deadlines Act,Yea
J000311,"Jack, Brian",Republican,House of Representatives,3,H2025_0019,2025-01-21,H.R. 187,MAPWaters Act of 2025,Yea
J000311,"Jack, Brian",Republican,House of Representatives,3,H2025_0320,2025-12-10,S. 1071,National Defense Authorization Act for Fiscal Year 2026,Yea
J000311,"Jack, Brian",Republican,House of Representatives,3,H2025_0319,2025-12-10,S. 1071,National Defense Authorization Act for Fiscal Year 2026,Nay
J000311,"Jack, Brian",Republican,House of Representatives,3,H2025_0022,2025-01-22,H.R. 165,Wounded Knee Massacre Memorial and Sacred Site Act,Yea
J000311,"Jack, Brian",Republican,House of Representatives,3,H2025_0315,2025-12-09,S. 356,Secure Rural Schools Reauthorization Act of 2025,Yea
J000311,"Jack, Brian",Republican,House of Representatives,3,H2025_0295,2025-11-18,H.J.Res. 131,"Providing for congressional disapproval under chapter 8 of title 5, United States Code, of the rule submitted by the Bureau of Land Management relating to Coastal Plain Oil and Gas Leasing Program Record of Decision.",Yea
J000311,"Jack, Brian",Republican,House of Representatives,3,H2025_0294,2025-11-18,H.J.Res. 130,"Providing for congressional disapproval under chapter 8 of title 5, United States Code, of the rule submitted by the Bureau of Land Management relating to Buffalo Field Office Record of Decision and Approved Resource Management Plan Amendment.",Yea
J000311,"Jack, Brian",Republican,House of Representatives,3,H2025_0225,2025-09-03,H.J.Res. 106,"Providing for congressional disapproval under chapter 8 of title 5, United States Code, of the rule submitted by the Bureau of Land Management relating to ""Central Yukon Record of Decision and Approved Resource Management Plan"".",Yea
J000311,"Jack, Brian",Republican,House of Representatives,3,H2025_0226,2025-09-03,H.J.Res. 105,"Providing for congressional disapproval under chapter 8 of title 5, United States Code, of the rule submitted by the Bureau of Land Management relating to ""North Dakota Field Office Record of Decision and Approved Resource Management Plan"".",Yea
J000311,"Jack, Brian",Republican,House of Representatives,3,H2025_0224,2025-09-03,H.J.Res. 104,"Providing for congressional disapproval under chapter 8 of title 5, United States Code, of the rule submitted by the Bureau of Land Management relating to ""Miles City Field Office Record of Decision and Approved Resource Management Plan Amendment"".",Yea
J000311,"Jack, Brian",Republican,House of Representatives,3,H2025_0296,2025-11-18,S.J.Res. 80,"A joint resolution providing for congressional disapproval under chapter 8 of title 5, United States Code, of the rule submitted by the Bureau of Land Management relating to ""National Petroleum Reserve in Alaska Integrated Activity Plan Record of Decision"".",Yea
J000311,"Jack, Brian",Republican,House of Representatives,3,H2025_0051,2025-02-26,H.R. 695,Medal of Honor Act,Yea
J000311,"Jack, Brian",Republican,House of Representatives,3,H2025_0289,2025-11-18,H.R. 4405,Epstein Files Transparency Act,Yea
J000311,"Jack, Brian",Republican,House of Representatives,3,H2025_0200,2025-07-17,S. 1582,GENIUS Act,Yea
J000311,"Jack, Brian",Republican,House of Representatives,3,H2025_0285,2025-11-12,H.R. 5371,"Continuing Appropriations, Agriculture, Legislative Branch, Military Construction and Veterans Affairs, and Extensions Act, 2026",Yea
J000311,"Jack, Brian",Republican,House of Representatives,3,H2025_0281,2025-09-19,H.R. 5371,"Continuing Appropriations, Agriculture, Legislative Branch, Military Construction and Veterans Affairs, and Extensions Act, 2026",Yea
J000311,"Jack, Brian",Republican,House of Representatives,3,H2025_0280,2025-09-19,H.R. 5371,"Continuing Appropriations, Agriculture, Legislative Branch, Military Construction and Veterans Affairs, and Extensions Act, 2026",Nay
J000311,"Jack, Brian",Republican,House of Representatives,3,H2025_0096,2025-04-09,S.J.Res. 18,"A joint resolution disapproving the rule submitted by the Bureau of Consumer Financial Protection relating to ""Overdraft Lending: Very Large Financial Institutions"".",Yea
J000311,"Jack, Brian",Republican,House of Representatives,3,H2025_0166,2025-06-12,S. 331,HALT Fentanyl Act,Yea
J000311,"Jack, Brian",Republican,House of Representatives,3,H2025_0168,2025-06-12,H.R. 4,Rescissions Act of 2025,Yea
J000311,"Jack, Brian",Republican,House of Representatives,3,H2025_0167,2025-06-12,H.R. 4,Rescissions Act of 2025,Nay
J000311,"Jack, Brian",Republican,House of Representatives,3,H2025_0193,2025-07-14,S. 1596,Jocelyn Nungaray National Wildlife Refuge Act,Yea
J000311,"Jack, Brian",Republican,House of Representatives,3,H2025_0084,2025-03-31,H.R. 517,Filing Relief for Natural Disasters Act,Yea
J000311,"Jack, Brian",Republican,House of Representatives,3,H2025_0125,2025-05-14,H.R. 2215,Salem Maritime National Historical Park Redesignation and Boundary Study Act,Yea
J000311,"Jack, Brian",Republican,House of Representatives,3,H2025_0190,2025-07-03,H.R. 1,An act to provide for reconciliation pursuant to title II of H. Con. Res. 14.,Yea
J000311,"Jack, Brian",Republican,House of Representatives,3,H2025_0145,2025-05-22,H.R. 1,An act to provide for reconciliation pursuant to title II of H. Con. Res. 14.,Yea
J000311,"Jack, Brian",Republican,House of Representatives,3,H2025_0144,2025-05-22,H.R. 1,An act to provide for reconciliation pursuant to title II of H. Con. Res. 14.,Nay
J000311,"Jack, Brian",Republican,House of Representatives,3,H2025_0028,2025-02-04,H.R. 43,Alaska Native Village Municipal Lands Restoration Act of 2025,Yea
J000311,"Jack, Brian",Republican,House of Representatives,3,H2025_0137,2025-05-20,S.J.Res. 13,"A joint resolution providing for congressional disapproval under chapter 8 of title 5, United States Code, of the rule submitted by the Office of the Comptroller of the Currency of the Department of the Treasury relating to the review of applications under the Bank Merger Act.",Yea
J000311,"Jack, Brian",Republican,House of Representatives,3,H2025_0143,2025-05-22,S.J.Res. 31,"A joint resolution providing for congressional disapproval under chapter 8 of title 5, United States Code, of the rule submitted by the Environmental Protection Agency relating to ""Review of Final Rule Reclassification of Major Sources as Area Sources Under Section 112 of the Clean Air Act"".",Yea
J000311,"Jack, Brian",Republican,House of Representatives,3,H2025_0112,2025-04-30,H.J.Res. 89,"Providing congressional disapproval under chapter 8 of title 5, United States Code, of the rule submitted by the Environmental Protection Agency relating to ""California State Motor Vehicle and Engine and Nonroad Engine Pollution Control Standards; The ""Omnibus"" Low NOX Regulation; Waiver of Preemption; Notice of Decision"".",Yea
J000311,"Jack, Brian",Republican,House of Representatives,3,H2025_0114,2025-05-01,H.J.Res. 88,"Providing congressional disapproval under chapter 8 of title 5, United States Code, of the rule submitted by the Environmental Protection Agency relating to ""California State Motor Vehicle and Engine Pollution Control Standards; Advanced Clean Cars II; Waiver of Preemption; Notice of Decision"".",Yea
J000311,"Jack, Brian",Republican,House of Representatives,3,H2025_0111,2025-04-30,H.J.Res. 87,"Providing congressional disapproval under chapter 8 of title 5, United States Code, of the rule submitted by the Environmental Protection Agency relating to ""California State Motor Vehicle and Engine Pollution Control Standards; Heavy-Duty Vehicle and Engine Emission Warranty and Maintenance Provisions; Advanced Clean Trucks; Zero Emission Airport Shuttle; Zero-Emission Power Train Certification; Waiver of Preemption; Notice of Decision"".",Yea
J000311,"Jack, Brian",Republican,House of Representatives,3,H2025_0095,2025-04-09,S.J.Res. 28,"A joint resolution disapproving the rule submitted by the Bureau of Consumer Financial Protection relating to ""Defining Larger Participants of a Market for General-Use Digital Consumer Payment Applications"".",Yea
J000311,"Jack, Brian",Republican,House of Representatives,3,H2025_0058,2025-03-05,H.J.Res. 61,"Providing for congressional disapproval under chapter 8 of title 5, United States Code, of the rule submitted by the Environmental Protection Agency relating to ""National Emission Standards for Hazardous Air Pollutants: Rubber Tire Manufacturing"".",Yea
J000311,"Jack, Brian",Republican,House of Representatives,3,H2025_0110,2025-04-29,H.J.Res. 60,"Providing for congressional disapproval under chapter 8 of title 5, United States Code, of the rule submitted by the National Park Service relating to ""Glen Canyon National Recreation Area: Motor Vehicles"".",Yea
J000311,"Jack, Brian",Republican,House of Representatives,3,H2025_0104,2025-04-28,S. 146,TAKE IT DOWN Act,Yea
J000311,"Jack, Brian",Republican,House of Representatives,3,H2025_0078,2025-03-27,H.J.Res. 75,"Providing for congressional disapproval under chapter 8 of title 5, United States Code, of the rule submitted by the Office of Energy Efficiency and Renewable Energy, Department of Energy relating to ""Energy Conservation Program: Energy Conservation Standards for Commercial Refrigerators, Freezers, and Refrigerator-Freezers"".",Yea
J000311,"Jack, Brian",Republican,House of Representatives,3,H2025_0059,2025-03-05,H.J.Res. 42,"Providing for congressional disapproval under chapter 8 of title 5, United States Code, of the rule submitted by the Department of Energy relating to ""Energy Conservation Program for Appliance Standards: Certification Requirements, Labeling Requirements, and Enforcement Provisions for Certain Consumer Products and Commercial Equipment"".",Yea
J000311,"Jack, Brian",Republican,House of Representatives,3,H2025_0077,2025-03-27,H.J.Res. 24,"Providing for congressional disapproval under chapter 8 of title 5, United States Code, of the rule submitted by the Department of Energy relating to ""Energy Conservation Program: Energy Conservation Standards for Walk-In Coolers and Walk-In Freezers"".",Yea
J000311,"Jack, Brian",Republican,House of Representatives,3,H2025_0053,2025-02-27,H.J.Res. 20,"Providing for congressional disapproval under chapter 8 of title 5, United States Code, of the rule submitted by the Department of Energy relating to ""Energy Conservation Program: Energy Conservation Standards for Consumer Gas-fired Instantaneous Water Heaters"".",Yea
J000311,"Jack, Brian",Republican,House of Representatives,3,H2025_0071,2025-03-11,H.J.Res. 25,"Providing for congressional disapproval under chapter 8 of title 5, United States Code, of the rule submitted by the Internal Revenue Service relating to ""Gross Proceeds Reporting by Brokers That Regularly Provide Services Effectuating Digital Asset Sales"".",Yea
J000311,"Jack, Brian",Republican,House of Representatives,3,H2025_0052,2025-02-26,H.J.Res. 35,"Providing for congressional disapproval under chapter 8 of title 5, United States Code, of the rule submitted by the Environmental Protection Agency relating to ""Waste Emissions Charge for Petroleum and Natural Gas Systems: Procedures for Facilitating Compliance, Including Netting and Exemptions"".",Yea
J000311,"Jack, Brian",Republican,House of Representatives,3,H2025_0070,2025-03-11,H.R. 1968,"Full-Year Continuing Appropriations and Extensions Act, 2025",Yea
J000311,"Jack, Brian",Republican,House of Representatives,3,H2025_0069,2025-03-11,H.R. 1968,"Full-Year Continuing Appropriations and Extensions Act, 2025",Nay
J000311,"Jack, Brian",Republican,House of Representatives,3,H2025_0061,2025-03-06,S.J.Res. 11,"A joint resolution providing for congressional disapproval under chapter 8 of title 5, United States Code, of the rule submitted by the Bureau of Ocean Energy Management relating to ""Protection of Marine Archaeological Resources"".",Yea
J000288,"Johnson, Henry C. ""Hank""",Democratic,House of Representatives,4,H2026_0089,2026-03-17,S. 3971,Small Business Innovation and Economic Security Act,Yea
J000288,"Johnson, Henry C. ""Hank""",Democratic,House of Representatives,4,H2026_0181,2026-05-20,S. 1003,Lulu’s Law,Yea
J000288,"Johnson, Henry C. ""Hank""",Democratic,House of Representatives,4,H2025_0023,2025-01-22,S. 5,Laken Riley Act,Nay
J000288,"Johnson, Henry C. ""Hank""",Democratic,House of Representatives,4,H2026_0214,2026-06-09,S. 2,Secure America Act,Nay
J000288,"Johnson, Henry C. ""Hank""",Democratic,House of Representatives,4,H2026_0213,2026-06-09,S. 2,Secure America Act,Yea
J000288,"Johnson, Henry C. ""Hank""",Democratic,House of Representatives,4,H2026_0224,2026-06-23,H.R. 6644,21st Century ROAD to Housing Act,Yea
J000288,"Johnson, Henry C. ""Hank""",Democratic,House of Representatives,4,H2026_0057,2026-02-09,H.R. 6644,21st Century ROAD to Housing Act,Yea
J000288,"Johnson, Henry C. ""Hank""",Democratic,House of Representatives,4,H2026_0223,2026-06-23,S. 629,Emergency Conservation Program Improvement Act of 2025,Yea
J000288,"Johnson, Henry C. ""Hank""",Democratic,House of Representatives,4,H2026_0193,2026-06-03,S. 254,ARTIST Act,Yea
J000288,"Johnson, Henry C. ""Hank""",Democratic,House of Representatives,4,H2026_0180,2026-05-20,S. 2393,Fiscal Year 2025 Veterans Affairs Major Medical Facility Authorization Act,Yea
J000288,"Johnson, Henry C. ""Hank""",Democratic,House of Representatives,4,H2026_0042,2026-01-22,H.R. 7147,"Homeland Security and Further Additional Continuing Appropriations Act, 2026.",Nay
J000288,"Johnson, Henry C. ""Hank""",Democratic,House of Representatives,4,H2026_0129,2026-04-21,S. 1020,A bill to require the Federal Energy Regulatory Commission to extend the time period during which licensees are required to commence construction of certain hydropower projects.,Yea
J000288,"Johnson, Henry C. ""Hank""",Democratic,House of Representatives,4,H2026_0081,2026-03-04,S. 723,Tribal Trust Land Homeownership Act of 2025,Yea
J000288,"Johnson, Henry C. ""Hank""",Democratic,House of Representatives,4,H2026_0155,2026-04-30,S. 4465,"A bill to amend the FISA Amendments Act of 2008 to extend the authorities of title VII of the Foreign Intelligence Surveillance Act of 1978, and for other purposes.",Yea
J000288,"Johnson, Henry C. ""Hank""",Democratic,House of Representatives,4,H2026_0038,2026-01-21,H.J.Res. 140,"Providing for congressional disapproval under chapter 8 of title 5, United States Code, of the rule submitted by the Bureau of Land Management relating to Public Land Order No. 7917 for Withdrawal of Federal Lands; Cook, Lake, and Saint Louis Counties, MN.",Nay
J000288,"Johnson, Henry C. ""Hank""",Democratic,House of Representatives,4,H2025_0151,2025-06-04,H.R. 2483,SUPPORT for Patients and Communities Reauthorization Act of 2025,Yea
J000288,"Johnson, Henry C. ""Hank""",Democratic,House of Representatives,4,H2026_0056,2026-02-04,H.J.Res. 142,Disapproving the action of the District of Columbia Council in approving the D.C. Income and Franchise Tax Conformity and Revision Temporary Amendment Act of 2025.,Nay
J000288,"Johnson, Henry C. ""Hank""",Democratic,House of Representatives,4,H2026_0053,2026-02-03,H.R. 7148,"Consolidated Appropriations Act, 2026",Nay
J000288,"Johnson, Henry C. ""Hank""",Democratic,House of Representatives,4,H2026_0045,2026-01-22,H.R. 7148,"Consolidated Appropriations Act, 2026",Nay
J000288,"Johnson, Henry C. ""Hank""",Democratic,House of Representatives,4,H2026_0007,2026-01-08,H.R. 6938,"Commerce, Justice, Science; Energy and Water Development; and Interior and Environment Appropriations Act, 2026",Nay
J000288,"Johnson, Henry C. ""Hank""",Democratic,House of Representatives,4,H2026_0006,2026-01-08,H.R. 6938,"Commerce, Justice, Science; Energy and Water Development; and Interior and Environment Appropriations Act, 2026",Nay
J000288,"Johnson, Henry C. ""Hank""",Democratic,House of Representatives,4,H2026_0005,2026-01-08,H.R. 6938,"Commerce, Justice, Science; Energy and Water Development; and Interior and Environment Appropriations Act, 2026",Nay
J000288,"Johnson, Henry C. ""Hank""",Democratic,House of Representatives,4,H2025_0335,2025-12-15,S. 284,Congressional Award Program Reauthorization Act,Yea
J000288,"Johnson, Henry C. ""Hank""",Democratic,House of Representatives,4,H2025_0088,2025-04-01,H.R. 1491,Disaster Related Extension of Deadlines Act,Yea
J000288,"Johnson, Henry C. ""Hank""",Democratic,House of Representatives,4,H2025_0019,2025-01-21,H.R. 187,MAPWaters Act of 2025,Yea
J000288,"Johnson, Henry C. ""Hank""",Democratic,House of Representatives,4,H2025_0320,2025-12-10,S. 1071,National Defense Authorization Act for Fiscal Year 2026,Nay
J000288,"Johnson, Henry C. ""Hank""",Democratic,House of Representatives,4,H2025_0319,2025-12-10,S. 1071,National Defense Authorization Act for Fiscal Year 2026,Yea
J000288,"Johnson, Henry C. ""Hank""",Democratic,House of Representatives,4,H2025_0022,2025-01-22,H.R. 165,Wounded Knee Massacre Memorial and Sacred Site Act,Yea
J000288,"Johnson, Henry C. ""Hank""",Democratic,House of Representatives,4,H2025_0315,2025-12-09,S. 356,Secure Rural Schools Reauthorization Act of 2025,Yea
J000288,"Johnson, Henry C. ""Hank""",Democratic,House of Representatives,4,H2025_0295,2025-11-18,H.J.Res. 131,"Providing for congressional disapproval under chapter 8 of title 5, United States Code, of the rule submitted by the Bureau of Land Management relating to Coastal Plain Oil and Gas Leasing Program Record of Decision.",Nay
J000288,"Johnson, Henry C. ""Hank""",Democratic,House of Representatives,4,H2025_0294,2025-11-18,H.J.Res. 130,"Providing for congressional disapproval under chapter 8 of title 5, United States Code, of the rule submitted by the Bureau of Land Management relating to Buffalo Field Office Record of Decision and Approved Resource Management Plan Amendment.",Nay
J000288,"Johnson, Henry C. ""Hank""",Democratic,House of Representatives,4,H2025_0225,2025-09-03,H.J.Res. 106,"Providing for congressional disapproval under chapter 8 of title 5, United States Code, of the rule submitted by the Bureau of Land Management relating to ""Central Yukon Record of Decision and Approved Resource Management Plan"".",Nay
J000288,"Johnson, Henry C. ""Hank""",Democratic,House of Representatives,4,H2025_0226,2025-09-03,H.J.Res. 105,"Providing for congressional disapproval under chapter 8 of title 5, United States Code, of the rule submitted by the Bureau of Land Management relating to ""North Dakota Field Office Record of Decision and Approved Resource Management Plan"".",Nay
J000288,"Johnson, Henry C. ""Hank""",Democratic,House of Representatives,4,H2025_0224,2025-09-03,H.J.Res. 104,"Providing for congressional disapproval under chapter 8 of title 5, United States Code, of the rule submitted by the Bureau of Land Management relating to ""Miles City Field Office Record of Decision and Approved Resource Management Plan Amendment"".",Nay
J000288,"Johnson, Henry C. ""Hank""",Democratic,House of Representatives,4,H2025_0296,2025-11-18,S.J.Res. 80,"A joint resolution providing for congressional disapproval under chapter 8 of title 5, United States Code, of the rule submitted by the Bureau of Land Management relating to ""National Petroleum Reserve in Alaska Integrated Activity Plan Record of Decision"".",Nay
J000288,"Johnson, Henry C. ""Hank""",Democratic,House of Representatives,4,H2025_0051,2025-02-26,H.R. 695,Medal of Honor Act,Yea
J000288,"Johnson, Henry C. ""Hank""",Democratic,House of Representatives,4,H2025_0289,2025-11-18,H.R. 4405,Epstein Files Transparency Act,Yea
J000288,"Johnson, Henry C. ""Hank""",Democratic,House of Representatives,4,H2025_0200,2025-07-17,S. 1582,GENIUS Act,Nay
J000288,"Johnson, Henry C. ""Hank""",Democratic,House of Representatives,4,H2025_0285,2025-11-12,H.R. 5371,"Continuing Appropriations, Agriculture, Legislative Branch, Military Construction and Veterans Affairs, and Extensions Act, 2026",Nay
J000288,"Johnson, Henry C. ""Hank""",Democratic,House of Representatives,4,H2025_0281,2025-09-19,H.R. 5371,"Continuing Appropriations, Agriculture, Legislative Branch, Military Construction and Veterans Affairs, and Extensions Act, 2026",Nay
J000288,"Johnson, Henry C. ""Hank""",Democratic,House of Representatives,4,H2025_0280,2025-09-19,H.R. 5371,"Continuing Appropriations, Agriculture, Legislative Branch, Military Construction and Veterans Affairs, and Extensions Act, 2026",Not Voting
J000288,"Johnson, Henry C. ""Hank""",Democratic,House of Representatives,4,H2025_0096,2025-04-09,S.J.Res. 18,"A joint resolution disapproving the rule submitted by the Bureau of Consumer Financial Protection relating to ""Overdraft Lending: Very Large Financial Institutions"".",Nay
J000288,"Johnson, Henry C. ""Hank""",Democratic,House of Representatives,4,H2025_0166,2025-06-12,S. 331,HALT Fentanyl Act,Nay
J000288,"Johnson, Henry C. ""Hank""",Democratic,House of Representatives,4,H2025_0168,2025-06-12,H.R. 4,Rescissions Act of 2025,Nay
J000288,"Johnson, Henry C. ""Hank""",Democratic,House of Representatives,4,H2025_0167,2025-06-12,H.R. 4,Rescissions Act of 2025,Yea
J000288,"Johnson, Henry C. ""Hank""",Democratic,House of Representatives,4,H2025_0193,2025-07-14,S. 1596,Jocelyn Nungaray National Wildlife Refuge Act,Yea
J000288,"Johnson, Henry C. ""Hank""",Democratic,House of Representatives,4,H2025_0084,2025-03-31,H.R. 517,Filing Relief for Natural Disasters Act,Yea
J000288,"Johnson, Henry C. ""Hank""",Democratic,House of Representatives,4,H2025_0125,2025-05-14,H.R. 2215,Salem Maritime National Historical Park Redesignation and Boundary Study Act,Yea
J000288,"Johnson, Henry C. ""Hank""",Democratic,House of Representatives,4,H2025_0190,2025-07-03,H.R. 1,An act to provide for reconciliation pursuant to title II of H. Con. Res. 14.,Nay
J000288,"Johnson, Henry C. ""Hank""",Democratic,House of Representatives,4,H2025_0145,2025-05-22,H.R. 1,An act to provide for reconciliation pursuant to title II of H. Con. Res. 14.,Nay
J000288,"Johnson, Henry C. ""Hank""",Democratic,House of Representatives,4,H2025_0144,2025-05-22,H.R. 1,An act to provide for reconciliation pursuant to title II of H. Con. Res. 14.,Yea
J000288,"Johnson, Henry C. ""Hank""",Democratic,House of Representatives,4,H2025_0028,2025-02-04,H.R. 43,Alaska Native Village Municipal Lands Restoration Act of 2025,Yea
J000288,"Johnson, Henry C. ""Hank""",Democratic,House of Representatives,4,H2025_0137,2025-05-20,S.J.Res. 13,"A joint resolution providing for congressional disapproval under chapter 8 of title 5, United States Code, of the rule submitted by the Office of the Comptroller of the Currency of the Department of the Treasury relating to the review of applications under the Bank Merger Act.",Nay
J000288,"Johnson, Henry C. ""Hank""",Democratic,House of Representatives,4,H2025_0143,2025-05-22,S.J.Res. 31,"A joint resolution providing for congressional disapproval under chapter 8 of title 5, United States Code, of the rule submitted by the Environmental Protection Agency relating to ""Review of Final Rule Reclassification of Major Sources as Area Sources Under Section 112 of the Clean Air Act"".",Nay
J000288,"Johnson, Henry C. ""Hank""",Democratic,House of Representatives,4,H2025_0112,2025-04-30,H.J.Res. 89,"Providing congressional disapproval under chapter 8 of title 5, United States Code, of the rule submitted by the Environmental Protection Agency relating to ""California State Motor Vehicle and Engine and Nonroad Engine Pollution Control Standards; The ""Omnibus"" Low NOX Regulation; Waiver of Preemption; Notice of Decision"".",Nay
J000288,"Johnson, Henry C. ""Hank""",Democratic,House of Representatives,4,H2025_0114,2025-05-01,H.J.Res. 88,"Providing congressional disapproval under chapter 8 of title 5, United States Code, of the rule submitted by the Environmental Protection Agency relating to ""California State Motor Vehicle and Engine Pollution Control Standards; Advanced Clean Cars II; Waiver of Preemption; Notice of Decision"".",Nay
J000288,"Johnson, Henry C. ""Hank""",Democratic,House of Representatives,4,H2025_0111,2025-04-30,H.J.Res. 87,"Providing congressional disapproval under chapter 8 of title 5, United States Code, of the rule submitted by the Environmental Protection Agency relating to ""California State Motor Vehicle and Engine Pollution Control Standards; Heavy-Duty Vehicle and Engine Emission Warranty and Maintenance Provisions; Advanced Clean Trucks; Zero Emission Airport Shuttle; Zero-Emission Power Train Certification; Waiver of Preemption; Notice of Decision"".",Nay
J000288,"Johnson, Henry C. ""Hank""",Democratic,House of Representatives,4,H2025_0095,2025-04-09,S.J.Res. 28,"A joint resolution disapproving the rule submitted by the Bureau of Consumer Financial Protection relating to ""Defining Larger Participants of a Market for General-Use Digital Consumer Payment Applications"".",Nay
J000288,"Johnson, Henry C. ""Hank""",Democratic,House of Representatives,4,H2025_0058,2025-03-05,H.J.Res. 61,"Providing for congressional disapproval under chapter 8 of title 5, United States Code, of the rule submitted by the Environmental Protection Agency relating to ""National Emission Standards for Hazardous Air Pollutants: Rubber Tire Manufacturing"".",Nay
J000288,"Johnson, Henry C. ""Hank""",Democratic,House of Representatives,4,H2025_0110,2025-04-29,H.J.Res. 60,"Providing for congressional disapproval under chapter 8 of title 5, United States Code, of the rule submitted by the National Park Service relating to ""Glen Canyon National Recreation Area: Motor Vehicles"".",Nay
J000288,"Johnson, Henry C. ""Hank""",Democratic,House of Representatives,4,H2025_0104,2025-04-28,S. 146,TAKE IT DOWN Act,Yea
J000288,"Johnson, Henry C. ""Hank""",Democratic,House of Representatives,4,H2025_0078,2025-03-27,H.J.Res. 75,"Providing for congressional disapproval under chapter 8 of title 5, United States Code, of the rule submitted by the Office of Energy Efficiency and Renewable Energy, Department of Energy relating to ""Energy Conservation Program: Energy Conservation Standards for Commercial Refrigerators, Freezers, and Refrigerator-Freezers"".",Nay
J000288,"Johnson, Henry C. ""Hank""",Democratic,House of Representatives,4,H2025_0059,2025-03-05,H.J.Res. 42,"Providing for congressional disapproval under chapter 8 of title 5, United States Code, of the rule submitted by the Department of Energy relating to ""Energy Conservation Program for Appliance Standards: Certification Requirements, Labeling Requirements, and Enforcement Provisions for Certain Consumer Products and Commercial Equipment"".",Nay
J000288,"Johnson, Henry C. ""Hank""",Democratic,House of Representatives,4,H2025_0077,2025-03-27,H.J.Res. 24,"Providing for congressional disapproval under chapter 8 of title 5, United States Code, of the rule submitted by the Department of Energy relating to ""Energy Conservation Program: Energy Conservation Standards for Walk-In Coolers and Walk-In Freezers"".",Not Voting
J000288,"Johnson, Henry C. ""Hank""",Democratic,House of Representatives,4,H2025_0053,2025-02-27,H.J.Res. 20,"Providing for congressional disapproval under chapter 8 of title 5, United States Code, of the rule submitted by the Department of Energy relating to ""Energy Conservation Program: Energy Conservation Standards for Consumer Gas-fired Instantaneous Water Heaters"".",Nay
J000288,"Johnson, Henry C. ""Hank""",Democratic,House of Representatives,4,H2025_0071,2025-03-11,H.J.Res. 25,"Providing for congressional disapproval under chapter 8 of title 5, United States Code, of the rule submitted by the Internal Revenue Service relating to ""Gross Proceeds Reporting by Brokers That Regularly Provide Services Effectuating Digital Asset Sales"".",Nay
J000288,"Johnson, Henry C. ""Hank""",Democratic,House of Representatives,4,H2025_0052,2025-02-26,H.J.Res. 35,"Providing for congressional disapproval under chapter 8 of title 5, United States Code, of the rule submitted by the Environmental Protection Agency relating to ""Waste Emissions Charge for Petroleum and Natural Gas Systems: Procedures for Facilitating Compliance, Including Netting and Exemptions"".",Nay
J000288,"Johnson, Henry C. ""Hank""",Democratic,House of Representatives,4,H2025_0070,2025-03-11,H.R. 1968,"Full-Year Continuing Appropriations and Extensions Act, 2025",Nay
J000288,"Johnson, Henry C. ""Hank""",Democratic,House of Representatives,4,H2025_0069,2025-03-11,H.R. 1968,"Full-Year Continuing Appropriations and Extensions Act, 2025",Yea
J000288,"Johnson, Henry C. ""Hank""",Democratic,House of Representatives,4,H2025_0061,2025-03-06,S.J.Res. 11,"A joint resolution providing for congressional disapproval under chapter 8 of title 5, United States Code, of the rule submitted by the Bureau of Ocean Energy Management relating to ""Protection of Marine Archaeological Resources"".",Not Voting
L000583,"Loudermilk, Barry",Republican,House of Representatives,11,H2026_0089,2026-03-17,S. 3971,Small Business Innovation and Economic Security Act,Yea
L000583,"Loudermilk, Barry",Republican,House of Representatives,11,H2026_0181,2026-05-20,S. 1003,Lulu’s Law,Yea
L000583,"Loudermilk, Barry",Republican,House of Representatives,11,H2025_0023,2025-01-22,S. 5,Laken Riley Act,Yea
L000583,"Loudermilk, Barry",Republican,House of Representatives,11,H2026_0214,2026-06-09,S. 2,Secure America Act,Yea
L000583,"Loudermilk, Barry",Republican,House of Representatives,11,H2026_0213,2026-06-09,S. 2,Secure America Act,Nay
L000583,"Loudermilk, Barry",Republican,House of Representatives,11,H2026_0224,2026-06-23,H.R. 6644,21st Century ROAD to Housing Act,Yea
L000583,"Loudermilk, Barry",Republican,House of Representatives,11,H2026_0057,2026-02-09,H.R. 6644,21st Century ROAD to Housing Act,Yea
L000583,"Loudermilk, Barry",Republican,House of Representatives,11,H2026_0223,2026-06-23,S. 629,Emergency Conservation Program Improvement Act of 2025,Yea
L000583,"Loudermilk, Barry",Republican,House of Representatives,11,H2026_0193,2026-06-03,S. 254,ARTIST Act,Yea
L000583,"Loudermilk, Barry",Republican,House of Representatives,11,H2026_0180,2026-05-20,S. 2393,Fiscal Year 2025 Veterans Affairs Major Medical Facility Authorization Act,Yea
L000583,"Loudermilk, Barry",Republican,House of Representatives,11,H2026_0042,2026-01-22,H.R. 7147,"Homeland Security and Further Additional Continuing Appropriations Act, 2026.",Yea
L000583,"Loudermilk, Barry",Republican,House of Representatives,11,H2026_0129,2026-04-21,S. 1020,A bill to require the Federal Energy Regulatory Commission to extend the time period during which licensees are required to commence construction of certain hydropower projects.,Yea
L000583,"Loudermilk, Barry",Republican,House of Representatives,11,H2026_0081,2026-03-04,S. 723,Tribal Trust Land Homeownership Act of 2025,Yea
L000583,"Loudermilk, Barry",Republican,House of Representatives,11,H2026_0155,2026-04-30,S. 4465,"A bill to amend the FISA Amendments Act of 2008 to extend the authorities of title VII of the Foreign Intelligence Surveillance Act of 1978, and for other purposes.",Not Voting
L000583,"Loudermilk, Barry",Republican,House of Representatives,11,H2026_0038,2026-01-21,H.J.Res. 140,"Providing for congressional disapproval under chapter 8 of title 5, United States Code, of the rule submitted by the Bureau of Land Management relating to Public Land Order No. 7917 for Withdrawal of Federal Lands; Cook, Lake, and Saint Louis Counties, MN.",Yea
L000583,"Loudermilk, Barry",Republican,House of Representatives,11,H2025_0151,2025-06-04,H.R. 2483,SUPPORT for Patients and Communities Reauthorization Act of 2025,Yea
L000583,"Loudermilk, Barry",Republican,House of Representatives,11,H2026_0056,2026-02-04,H.J.Res. 142,Disapproving the action of the District of Columbia Council in approving the D.C. Income and Franchise Tax Conformity and Revision Temporary Amendment Act of 2025.,Yea
L000583,"Loudermilk, Barry",Republican,House of Representatives,11,H2026_0053,2026-02-03,H.R. 7148,"Consolidated Appropriations Act, 2026",Yea
L000583,"Loudermilk, Barry",Republican,House of Representatives,11,H2026_0045,2026-01-22,H.R. 7148,"Consolidated Appropriations Act, 2026",Yea
L000583,"Loudermilk, Barry",Republican,House of Representatives,11,H2026_0007,2026-01-08,H.R. 6938,"Commerce, Justice, Science; Energy and Water Development; and Interior and Environment Appropriations Act, 2026",Yea
L000583,"Loudermilk, Barry",Republican,House of Representatives,11,H2026_0006,2026-01-08,H.R. 6938,"Commerce, Justice, Science; Energy and Water Development; and Interior and Environment Appropriations Act, 2026",Yea
L000583,"Loudermilk, Barry",Republican,House of Representatives,11,H2026_0005,2026-01-08,H.R. 6938,"Commerce, Justice, Science; Energy and Water Development; and Interior and Environment Appropriations Act, 2026",Yea
L000583,"Loudermilk, Barry",Republican,House of Representatives,11,H2025_0335,2025-12-15,S. 284,Congressional Award Program Reauthorization Act,Yea
L000583,"Loudermilk, Barry",Republican,House of Representatives,11,H2025_0088,2025-04-01,H.R. 1491,Disaster Related Extension of Deadlines Act,Yea
L000583,"Loudermilk, Barry",Republican,House of Representatives,11,H2025_0019,2025-01-21,H.R. 187,MAPWaters Act of 2025,Yea
L000583,"Loudermilk, Barry",Republican,House of Representatives,11,H2025_0320,2025-12-10,S. 1071,National Defense Authorization Act for Fiscal Year 2026,Yea
L000583,"Loudermilk, Barry",Republican,House of Representatives,11,H2025_0319,2025-12-10,S. 1071,National Defense Authorization Act for Fiscal Year 2026,Nay
L000583,"Loudermilk, Barry",Republican,House of Representatives,11,H2025_0022,2025-01-22,H.R. 165,Wounded Knee Massacre Memorial and Sacred Site Act,Yea
L000583,"Loudermilk, Barry",Republican,House of Representatives,11,H2025_0315,2025-12-09,S. 356,Secure Rural Schools Reauthorization Act of 2025,Yea
L000583,"Loudermilk, Barry",Republican,House of Representatives,11,H2025_0295,2025-11-18,H.J.Res. 131,"Providing for congressional disapproval under chapter 8 of title 5, United States Code, of the rule submitted by the Bureau of Land Management relating to Coastal Plain Oil and Gas Leasing Program Record of Decision.",Yea
L000583,"Loudermilk, Barry",Republican,House of Representatives,11,H2025_0294,2025-11-18,H.J.Res. 130,"Providing for congressional disapproval under chapter 8 of title 5, United States Code, of the rule submitted by the Bureau of Land Management relating to Buffalo Field Office Record of Decision and Approved Resource Management Plan Amendment.",Yea
L000583,"Loudermilk, Barry",Republican,House of Representatives,11,H2025_0225,2025-09-03,H.J.Res. 106,"Providing for congressional disapproval under chapter 8 of title 5, United States Code, of the rule submitted by the Bureau of Land Management relating to ""Central Yukon Record of Decision and Approved Resource Management Plan"".",Yea
L000583,"Loudermilk, Barry",Republican,House of Representatives,11,H2025_0226,2025-09-03,H.J.Res. 105,"Providing for congressional disapproval under chapter 8 of title 5, United States Code, of the rule submitted by the Bureau of Land Management relating to ""North Dakota Field Office Record of Decision and Approved Resource Management Plan"".",Yea
L000583,"Loudermilk, Barry",Republican,House of Representatives,11,H2025_0224,2025-09-03,H.J.Res. 104,"Providing for congressional disapproval under chapter 8 of title 5, United States Code, of the rule submitted by the Bureau of Land Management relating to ""Miles City Field Office Record of Decision and Approved Resource Management Plan Amendment"".",Yea
L000583,"Loudermilk, Barry",Republican,House of Representatives,11,H2025_0296,2025-11-18,S.J.Res. 80,"A joint resolution providing for congressional disapproval under chapter 8 of title 5, United States Code, of the rule submitted by the Bureau of Land Management relating to ""National Petroleum Reserve in Alaska Integrated Activity Plan Record of Decision"".",Yea
L000583,"Loudermilk, Barry",Republican,House of Representatives,11,H2025_0051,2025-02-26,H.R. 695,Medal of Honor Act,Yea
L000583,"Loudermilk, Barry",Republican,House of Representatives,11,H2025_0289,2025-11-18,H.R. 4405,Epstein Files Transparency Act,Yea
L000583,"Loudermilk, Barry",Republican,House of Representatives,11,H2025_0200,2025-07-17,S. 1582,GENIUS Act,Yea
L000583,"Loudermilk, Barry",Republican,House of Representatives,11,H2025_0285,2025-11-12,H.R. 5371,"Continuing Appropriations, Agriculture, Legislative Branch, Military Construction and Veterans Affairs, and Extensions Act, 2026",Yea
L000583,"Loudermilk, Barry",Republican,House of Representatives,11,H2025_0281,2025-09-19,H.R. 5371,"Continuing Appropriations, Agriculture, Legislative Branch, Military Construction and Veterans Affairs, and Extensions Act, 2026",Yea
L000583,"Loudermilk, Barry",Republican,House of Representatives,11,H2025_0280,2025-09-19,H.R. 5371,"Continuing Appropriations, Agriculture, Legislative Branch, Military Construction and Veterans Affairs, and Extensions Act, 2026",Nay
L000583,"Loudermilk, Barry",Republican,House of Representatives,11,H2025_0096,2025-04-09,S.J.Res. 18,"A joint resolution disapproving the rule submitted by the Bureau of Consumer Financial Protection relating to ""Overdraft Lending: Very Large Financial Institutions"".",Yea
L000583,"Loudermilk, Barry",Republican,House of Representatives,11,H2025_0166,2025-06-12,S. 331,HALT Fentanyl Act,Yea
L000583,"Loudermilk, Barry",Republican,House of Representatives,11,H2025_0168,2025-06-12,H.R. 4,Rescissions Act of 2025,Yea
L000583,"Loudermilk, Barry",Republican,House of Representatives,11,H2025_0167,2025-06-12,H.R. 4,Rescissions Act of 2025,Nay
L000583,"Loudermilk, Barry",Republican,House of Representatives,11,H2025_0193,2025-07-14,S. 1596,Jocelyn Nungaray National Wildlife Refuge Act,Not Voting
L000583,"Loudermilk, Barry",Republican,House of Representatives,11,H2025_0084,2025-03-31,H.R. 517,Filing Relief for Natural Disasters Act,Not Voting
L000583,"Loudermilk, Barry",Republican,House of Representatives,11,H2025_0125,2025-05-14,H.R. 2215,Salem Maritime National Historical Park Redesignation and Boundary Study Act,Yea
L000583,"Loudermilk, Barry",Republican,House of Representatives,11,H2025_0190,2025-07-03,H.R. 1,An act to provide for reconciliation pursuant to title II of H. Con. Res. 14.,Yea
L000583,"Loudermilk, Barry",Republican,House of Representatives,11,H2025_0145,2025-05-22,H.R. 1,An act to provide for reconciliation pursuant to title II of H. Con. Res. 14.,Yea
L000583,"Loudermilk, Barry",Republican,House of Representatives,11,H2025_0144,2025-05-22,H.R. 1,An act to provide for reconciliation pursuant to title II of H. Con. Res. 14.,Nay
L000583,"Loudermilk, Barry",Republican,House of Representatives,11,H2025_0028,2025-02-04,H.R. 43,Alaska Native Village Municipal Lands Restoration Act of 2025,Yea
L000583,"Loudermilk, Barry",Republican,House of Representatives,11,H2025_0137,2025-05-20,S.J.Res. 13,"A joint resolution providing for congressional disapproval under chapter 8 of title 5, United States Code, of the rule submitted by the Office of the Comptroller of the Currency of the Department of the Treasury relating to the review of applications under the Bank Merger Act.",Yea
L000583,"Loudermilk, Barry",Republican,House of Representatives,11,H2025_0143,2025-05-22,S.J.Res. 31,"A joint resolution providing for congressional disapproval under chapter 8 of title 5, United States Code, of the rule submitted by the Environmental Protection Agency relating to ""Review of Final Rule Reclassification of Major Sources as Area Sources Under Section 112 of the Clean Air Act"".",Yea
L000583,"Loudermilk, Barry",Republican,House of Representatives,11,H2025_0112,2025-04-30,H.J.Res. 89,"Providing congressional disapproval under chapter 8 of title 5, United States Code, of the rule submitted by the Environmental Protection Agency relating to ""California State Motor Vehicle and Engine and Nonroad Engine Pollution Control Standards; The ""Omnibus"" Low NOX Regulation; Waiver of Preemption; Notice of Decision"".",Yea
L000583,"Loudermilk, Barry",Republican,House of Representatives,11,H2025_0114,2025-05-01,H.J.Res. 88,"Providing congressional disapproval under chapter 8 of title 5, United States Code, of the rule submitted by the Environmental Protection Agency relating to ""California State Motor Vehicle and Engine Pollution Control Standards; Advanced Clean Cars II; Waiver of Preemption; Notice of Decision"".",Yea
L000583,"Loudermilk, Barry",Republican,House of Representatives,11,H2025_0111,2025-04-30,H.J.Res. 87,"Providing congressional disapproval under chapter 8 of title 5, United States Code, of the rule submitted by the Environmental Protection Agency relating to ""California State Motor Vehicle and Engine Pollution Control Standards; Heavy-Duty Vehicle and Engine Emission Warranty and Maintenance Provisions; Advanced Clean Trucks; Zero Emission Airport Shuttle; Zero-Emission Power Train Certification; Waiver of Preemption; Notice of Decision"".",Yea
L000583,"Loudermilk, Barry",Republican,House of Representatives,11,H2025_0095,2025-04-09,S.J.Res. 28,"A joint resolution disapproving the rule submitted by the Bureau of Consumer Financial Protection relating to ""Defining Larger Participants of a Market for General-Use Digital Consumer Payment Applications"".",Yea
L000583,"Loudermilk, Barry",Republican,House of Representatives,11,H2025_0058,2025-03-05,H.J.Res. 61,"Providing for congressional disapproval under chapter 8 of title 5, United States Code, of the rule submitted by the Environmental Protection Agency relating to ""National Emission Standards for Hazardous Air Pollutants: Rubber Tire Manufacturing"".",Yea
L000583,"Loudermilk, Barry",Republican,House of Representatives,11,H2025_0110,2025-04-29,H.J.Res. 60,"Providing for congressional disapproval under chapter 8 of title 5, United States Code, of the rule submitted by the National Park Service relating to ""Glen Canyon National Recreation Area: Motor Vehicles"".",Yea
L000583,"Loudermilk, Barry",Republican,House of Representatives,11,H2025_0104,2025-04-28,S. 146,TAKE IT DOWN Act,Yea
L000583,"Loudermilk, Barry",Republican,House of Representatives,11,H2025_0078,2025-03-27,H.J.Res. 75,"Providing for congressional disapproval under chapter 8 of title 5, United States Code, of the rule submitted by the Office of Energy Efficiency and Renewable Energy, Department of Energy relating to ""Energy Conservation Program: Energy Conservation Standards for Commercial Refrigerators, Freezers, and Refrigerator-Freezers"".",Yea
L000583,"Loudermilk, Barry",Republican,House of Representatives,11,H2025_0059,2025-03-05,H.J.Res. 42,"Providing for congressional disapproval under chapter 8 of title 5, United States Code, of the rule submitted by the Department of Energy relating to ""Energy Conservation Program for Appliance Standards: Certification Requirements, Labeling Requirements, and Enforcement Provisions for Certain Consumer Products and Commercial Equipment"".",Yea
L000583,"Loudermilk, Barry",Republican,House of Representatives,11,H2025_0077,2025-03-27,H.J.Res. 24,"Providing for congressional disapproval under chapter 8 of title 5, United States Code, of the rule submitted by the Department of Energy relating to ""Energy Conservation Program: Energy Conservation Standards for Walk-In Coolers and Walk-In Freezers"".",Yea
L000583,"Loudermilk, Barry",Republican,House of Representatives,11,H2025_0053,2025-02-27,H.J.Res. 20,"Providing for congressional disapproval under chapter 8 of title 5, United States Code, of the rule submitted by the Department of Energy relating to ""Energy Conservation Program: Energy Conservation Standards for Consumer Gas-fired Instantaneous Water Heaters"".",Yea
L000583,"Loudermilk, Barry",Republican,House of Representatives,11,H2025_0071,2025-03-11,H.J.Res. 25,"Providing for congressional disapproval under chapter 8 of title 5, United States Code, of the rule submitted by the Internal Revenue Service relating to ""Gross Proceeds Reporting by Brokers That Regularly Provide Services Effectuating Digital Asset Sales"".",Yea
L000583,"Loudermilk, Barry",Republican,House of Representatives,11,H2025_0052,2025-02-26,H.J.Res. 35,"Providing for congressional disapproval under chapter 8 of title 5, United States Code, of the rule submitted by the Environmental Protection Agency relating to ""Waste Emissions Charge for Petroleum and Natural Gas Systems: Procedures for Facilitating Compliance, Including Netting and Exemptions"".",Yea
L000583,"Loudermilk, Barry",Republican,House of Representatives,11,H2025_0070,2025-03-11,H.R. 1968,"Full-Year Continuing Appropriations and Extensions Act, 2025",Yea
L000583,"Loudermilk, Barry",Republican,House of Representatives,11,H2025_0069,2025-03-11,H.R. 1968,"Full-Year Continuing Appropriations and Extensions Act, 2025",Nay
L000583,"Loudermilk, Barry",Republican,House of Representatives,11,H2025_0061,2025-03-06,S.J.Res. 11,"A joint resolution providing for congressional disapproval under chapter 8 of title 5, United States Code, of the rule submitted by the Bureau of Ocean Energy Management relating to ""Protection of Marine Archaeological Resources"".",Yea
M001208,"McBath, Lucy",Democratic,House of Representatives,6,H2026_0089,2026-03-17,S. 3971,Small Business Innovation and Economic Security Act,Yea
M001208,"McBath, Lucy",Democratic,House of Representatives,6,H2026_0181,2026-05-20,S. 1003,Lulu’s Law,Yea
M001208,"McBath, Lucy",Democratic,House of Representatives,6,H2025_0023,2025-01-22,S. 5,Laken Riley Act,Yea
M001208,"McBath, Lucy",Democratic,House of Representatives,6,H2026_0214,2026-06-09,S. 2,Secure America Act,Nay
M001208,"McBath, Lucy",Democratic,House of Representatives,6,H2026_0213,2026-06-09,S. 2,Secure America Act,Yea
M001208,"McBath, Lucy",Democratic,House of Representatives,6,H2026_0224,2026-06-23,H.R. 6644,21st Century ROAD to Housing Act,Yea
M001208,"McBath, Lucy",Democratic,House of Representatives,6,H2026_0057,2026-02-09,H.R. 6644,21st Century ROAD to Housing Act,Yea
M001208,"McBath, Lucy",Democratic,House of Representatives,6,H2026_0223,2026-06-23,S. 629,Emergency Conservation Program Improvement Act of 2025,Yea
M001208,"McBath, Lucy",Democratic,House of Representatives,6,H2026_0193,2026-06-03,S. 254,ARTIST Act,Yea
M001208,"McBath, Lucy",Democratic,House of Representatives,6,H2026_0180,2026-05-20,S. 2393,Fiscal Year 2025 Veterans Affairs Major Medical Facility Authorization Act,Yea
M001208,"McBath, Lucy",Democratic,House of Representatives,6,H2026_0042,2026-01-22,H.R. 7147,"Homeland Security and Further Additional Continuing Appropriations Act, 2026.",Nay
M001208,"McBath, Lucy",Democratic,House of Representatives,6,H2026_0129,2026-04-21,S. 1020,A bill to require the Federal Energy Regulatory Commission to extend the time period during which licensees are required to commence construction of certain hydropower projects.,Yea
M001208,"McBath, Lucy",Democratic,House of Representatives,6,H2026_0081,2026-03-04,S. 723,Tribal Trust Land Homeownership Act of 2025,Yea
M001208,"McBath, Lucy",Democratic,House of Representatives,6,H2026_0155,2026-04-30,S. 4465,"A bill to amend the FISA Amendments Act of 2008 to extend the authorities of title VII of the Foreign Intelligence Surveillance Act of 1978, and for other purposes.",Yea
M001208,"McBath, Lucy",Democratic,House of Representatives,6,H2026_0038,2026-01-21,H.J.Res. 140,"Providing for congressional disapproval under chapter 8 of title 5, United States Code, of the rule submitted by the Bureau of Land Management relating to Public Land Order No. 7917 for Withdrawal of Federal Lands; Cook, Lake, and Saint Louis Counties, MN.",Nay
M001208,"McBath, Lucy",Democratic,House of Representatives,6,H2025_0151,2025-06-04,H.R. 2483,SUPPORT for Patients and Communities Reauthorization Act of 2025,Yea
M001208,"McBath, Lucy",Democratic,House of Representatives,6,H2026_0056,2026-02-04,H.J.Res. 142,Disapproving the action of the District of Columbia Council in approving the D.C. Income and Franchise Tax Conformity and Revision Temporary Amendment Act of 2025.,Nay
M001208,"McBath, Lucy",Democratic,House of Representatives,6,H2026_0053,2026-02-03,H.R. 7148,"Consolidated Appropriations Act, 2026",Nay
M001208,"McBath, Lucy",Democratic,House of Representatives,6,H2026_0045,2026-01-22,H.R. 7148,"Consolidated Appropriations Act, 2026",Yea
M001208,"McBath, Lucy",Democratic,House of Representatives,6,H2026_0007,2026-01-08,H.R. 6938,"Commerce, Justice, Science; Energy and Water Development; and Interior and Environment Appropriations Act, 2026",Yea
M001208,"McBath, Lucy",Democratic,House of Representatives,6,H2026_0006,2026-01-08,H.R. 6938,"Commerce, Justice, Science; Energy and Water Development; and Interior and Environment Appropriations Act, 2026",Yea
M001208,"McBath, Lucy",Democratic,House of Representatives,6,H2026_0005,2026-01-08,H.R. 6938,"Commerce, Justice, Science; Energy and Water Development; and Interior and Environment Appropriations Act, 2026",Yea
M001208,"McBath, Lucy",Democratic,House of Representatives,6,H2025_0335,2025-12-15,S. 284,Congressional Award Program Reauthorization Act,Yea
M001208,"McBath, Lucy",Democratic,House of Representatives,6,H2025_0088,2025-04-01,H.R. 1491,Disaster Related Extension of Deadlines Act,Yea
M001208,"McBath, Lucy",Democratic,House of Representatives,6,H2025_0019,2025-01-21,H.R. 187,MAPWaters Act of 2025,Yea
M001208,"McBath, Lucy",Democratic,House of Representatives,6,H2025_0320,2025-12-10,S. 1071,National Defense Authorization Act for Fiscal Year 2026,Yea
M001208,"McBath, Lucy",Democratic,House of Representatives,6,H2025_0319,2025-12-10,S. 1071,National Defense Authorization Act for Fiscal Year 2026,Yea
M001208,"McBath, Lucy",Democratic,House of Representatives,6,H2025_0022,2025-01-22,H.R. 165,Wounded Knee Massacre Memorial and Sacred Site Act,Yea
M001208,"McBath, Lucy",Democratic,House of Representatives,6,H2025_0315,2025-12-09,S. 356,Secure Rural Schools Reauthorization Act of 2025,Yea
M001208,"McBath, Lucy",Democratic,House of Representatives,6,H2025_0295,2025-11-18,H.J.Res. 131,"Providing for congressional disapproval under chapter 8 of title 5, United States Code, of the rule submitted by the Bureau of Land Management relating to Coastal Plain Oil and Gas Leasing Program Record of Decision.",Nay
M001208,"McBath, Lucy",Democratic,House of Representatives,6,H2025_0294,2025-11-18,H.J.Res. 130,"Providing for congressional disapproval under chapter 8 of title 5, United States Code, of the rule submitted by the Bureau of Land Management relating to Buffalo Field Office Record of Decision and Approved Resource Management Plan Amendment.",Nay
M001208,"McBath, Lucy",Democratic,House of Representatives,6,H2025_0225,2025-09-03,H.J.Res. 106,"Providing for congressional disapproval under chapter 8 of title 5, United States Code, of the rule submitted by the Bureau of Land Management relating to ""Central Yukon Record of Decision and Approved Resource Management Plan"".",Nay
M001208,"McBath, Lucy",Democratic,House of Representatives,6,H2025_0226,2025-09-03,H.J.Res. 105,"Providing for congressional disapproval under chapter 8 of title 5, United States Code, of the rule submitted by the Bureau of Land Management relating to ""North Dakota Field Office Record of Decision and Approved Resource Management Plan"".",Nay
M001208,"McBath, Lucy",Democratic,House of Representatives,6,H2025_0224,2025-09-03,H.J.Res. 104,"Providing for congressional disapproval under chapter 8 of title 5, United States Code, of the rule submitted by the Bureau of Land Management relating to ""Miles City Field Office Record of Decision and Approved Resource Management Plan Amendment"".",Nay
M001208,"McBath, Lucy",Democratic,House of Representatives,6,H2025_0296,2025-11-18,S.J.Res. 80,"A joint resolution providing for congressional disapproval under chapter 8 of title 5, United States Code, of the rule submitted by the Bureau of Land Management relating to ""National Petroleum Reserve in Alaska Integrated Activity Plan Record of Decision"".",Nay
M001208,"McBath, Lucy",Democratic,House of Representatives,6,H2025_0051,2025-02-26,H.R. 695,Medal of Honor Act,Yea
M001208,"McBath, Lucy",Democratic,House of Representatives,6,H2025_0289,2025-11-18,H.R. 4405,Epstein Files Transparency Act,Yea
M001208,"McBath, Lucy",Democratic,House of Representatives,6,H2025_0200,2025-07-17,S. 1582,GENIUS Act,Yea
M001208,"McBath, Lucy",Democratic,House of Representatives,6,H2025_0285,2025-11-12,H.R. 5371,"Continuing Appropriations, Agriculture, Legislative Branch, Military Construction and Veterans Affairs, and Extensions Act, 2026",Nay
M001208,"McBath, Lucy",Democratic,House of Representatives,6,H2025_0281,2025-09-19,H.R. 5371,"Continuing Appropriations, Agriculture, Legislative Branch, Military Construction and Veterans Affairs, and Extensions Act, 2026",Nay
M001208,"McBath, Lucy",Democratic,House of Representatives,6,H2025_0280,2025-09-19,H.R. 5371,"Continuing Appropriations, Agriculture, Legislative Branch, Military Construction and Veterans Affairs, and Extensions Act, 2026",Yea
M001208,"McBath, Lucy",Democratic,House of Representatives,6,H2025_0096,2025-04-09,S.J.Res. 18,"A joint resolution disapproving the rule submitted by the Bureau of Consumer Financial Protection relating to ""Overdraft Lending: Very Large Financial Institutions"".",Nay
M001208,"McBath, Lucy",Democratic,House of Representatives,6,H2025_0166,2025-06-12,S. 331,HALT Fentanyl Act,Nay
M001208,"McBath, Lucy",Democratic,House of Representatives,6,H2025_0168,2025-06-12,H.R. 4,Rescissions Act of 2025,Nay
M001208,"McBath, Lucy",Democratic,House of Representatives,6,H2025_0167,2025-06-12,H.R. 4,Rescissions Act of 2025,Yea
M001208,"McBath, Lucy",Democratic,House of Representatives,6,H2025_0193,2025-07-14,S. 1596,Jocelyn Nungaray National Wildlife Refuge Act,Yea
M001208,"McBath, Lucy",Democratic,House of Representatives,6,H2025_0084,2025-03-31,H.R. 517,Filing Relief for Natural Disasters Act,Yea
M001208,"McBath, Lucy",Democratic,House of Representatives,6,H2025_0125,2025-05-14,H.R. 2215,Salem Maritime National Historical Park Redesignation and Boundary Study Act,Yea
M001208,"McBath, Lucy",Democratic,House of Representatives,6,H2025_0190,2025-07-03,H.R. 1,An act to provide for reconciliation pursuant to title II of H. Con. Res. 14.,Nay
M001208,"McBath, Lucy",Democratic,House of Representatives,6,H2025_0145,2025-05-22,H.R. 1,An act to provide for reconciliation pursuant to title II of H. Con. Res. 14.,Nay
M001208,"McBath, Lucy",Democratic,House of Representatives,6,H2025_0144,2025-05-22,H.R. 1,An act to provide for reconciliation pursuant to title II of H. Con. Res. 14.,Yea
M001208,"McBath, Lucy",Democratic,House of Representatives,6,H2025_0028,2025-02-04,H.R. 43,Alaska Native Village Municipal Lands Restoration Act of 2025,Yea
M001208,"McBath, Lucy",Democratic,House of Representatives,6,H2025_0137,2025-05-20,S.J.Res. 13,"A joint resolution providing for congressional disapproval under chapter 8 of title 5, United States Code, of the rule submitted by the Office of the Comptroller of the Currency of the Department of the Treasury relating to the review of applications under the Bank Merger Act.",Nay
M001208,"McBath, Lucy",Democratic,House of Representatives,6,H2025_0143,2025-05-22,S.J.Res. 31,"A joint resolution providing for congressional disapproval under chapter 8 of title 5, United States Code, of the rule submitted by the Environmental Protection Agency relating to ""Review of Final Rule Reclassification of Major Sources as Area Sources Under Section 112 of the Clean Air Act"".",Nay
M001208,"McBath, Lucy",Democratic,House of Representatives,6,H2025_0112,2025-04-30,H.J.Res. 89,"Providing congressional disapproval under chapter 8 of title 5, United States Code, of the rule submitted by the Environmental Protection Agency relating to ""California State Motor Vehicle and Engine and Nonroad Engine Pollution Control Standards; The ""Omnibus"" Low NOX Regulation; Waiver of Preemption; Notice of Decision"".",Nay
M001208,"McBath, Lucy",Democratic,House of Representatives,6,H2025_0114,2025-05-01,H.J.Res. 88,"Providing congressional disapproval under chapter 8 of title 5, United States Code, of the rule submitted by the Environmental Protection Agency relating to ""California State Motor Vehicle and Engine Pollution Control Standards; Advanced Clean Cars II; Waiver of Preemption; Notice of Decision"".",Nay
M001208,"McBath, Lucy",Democratic,House of Representatives,6,H2025_0111,2025-04-30,H.J.Res. 87,"Providing congressional disapproval under chapter 8 of title 5, United States Code, of the rule submitted by the Environmental Protection Agency relating to ""California State Motor Vehicle and Engine Pollution Control Standards; Heavy-Duty Vehicle and Engine Emission Warranty and Maintenance Provisions; Advanced Clean Trucks; Zero Emission Airport Shuttle; Zero-Emission Power Train Certification; Waiver of Preemption; Notice of Decision"".",Nay
M001208,"McBath, Lucy",Democratic,House of Representatives,6,H2025_0095,2025-04-09,S.J.Res. 28,"A joint resolution disapproving the rule submitted by the Bureau of Consumer Financial Protection relating to ""Defining Larger Participants of a Market for General-Use Digital Consumer Payment Applications"".",Nay
M001208,"McBath, Lucy",Democratic,House of Representatives,6,H2025_0058,2025-03-05,H.J.Res. 61,"Providing for congressional disapproval under chapter 8 of title 5, United States Code, of the rule submitted by the Environmental Protection Agency relating to ""National Emission Standards for Hazardous Air Pollutants: Rubber Tire Manufacturing"".",Nay
M001208,"McBath, Lucy",Democratic,House of Representatives,6,H2025_0110,2025-04-29,H.J.Res. 60,"Providing for congressional disapproval under chapter 8 of title 5, United States Code, of the rule submitted by the National Park Service relating to ""Glen Canyon National Recreation Area: Motor Vehicles"".",Nay
M001208,"McBath, Lucy",Democratic,House of Representatives,6,H2025_0104,2025-04-28,S. 146,TAKE IT DOWN Act,Yea
M001208,"McBath, Lucy",Democratic,House of Representatives,6,H2025_0078,2025-03-27,H.J.Res. 75,"Providing for congressional disapproval under chapter 8 of title 5, United States Code, of the rule submitted by the Office of Energy Efficiency and Renewable Energy, Department of Energy relating to ""Energy Conservation Program: Energy Conservation Standards for Commercial Refrigerators, Freezers, and Refrigerator-Freezers"".",Not Voting
M001208,"McBath, Lucy",Democratic,House of Representatives,6,H2025_0059,2025-03-05,H.J.Res. 42,"Providing for congressional disapproval under chapter 8 of title 5, United States Code, of the rule submitted by the Department of Energy relating to ""Energy Conservation Program for Appliance Standards: Certification Requirements, Labeling Requirements, and Enforcement Provisions for Certain Consumer Products and Commercial Equipment"".",Nay
M001208,"McBath, Lucy",Democratic,House of Representatives,6,H2025_0077,2025-03-27,H.J.Res. 24,"Providing for congressional disapproval under chapter 8 of title 5, United States Code, of the rule submitted by the Department of Energy relating to ""Energy Conservation Program: Energy Conservation Standards for Walk-In Coolers and Walk-In Freezers"".",Not Voting
M001208,"McBath, Lucy",Democratic,House of Representatives,6,H2025_0053,2025-02-27,H.J.Res. 20,"Providing for congressional disapproval under chapter 8 of title 5, United States Code, of the rule submitted by the Department of Energy relating to ""Energy Conservation Program: Energy Conservation Standards for Consumer Gas-fired Instantaneous Water Heaters"".",Nay
M001208,"McBath, Lucy",Democratic,House of Representatives,6,H2025_0071,2025-03-11,H.J.Res. 25,"Providing for congressional disapproval under chapter 8 of title 5, United States Code, of the rule submitted by the Internal Revenue Service relating to ""Gross Proceeds Reporting by Brokers That Regularly Provide Services Effectuating Digital Asset Sales"".",Yea
M001208,"McBath, Lucy",Democratic,House of Representatives,6,H2025_0052,2025-02-26,H.J.Res. 35,"Providing for congressional disapproval under chapter 8 of title 5, United States Code, of the rule submitted by the Environmental Protection Agency relating to ""Waste Emissions Charge for Petroleum and Natural Gas Systems: Procedures for Facilitating Compliance, Including Netting and Exemptions"".",Nay
M001208,"McBath, Lucy",Democratic,House of Representatives,6,H2025_0070,2025-03-11,H.R. 1968,"Full-Year Continuing Appropriations and Extensions Act, 2025",Nay
M001208,"McBath, Lucy",Democratic,House of Representatives,6,H2025_0069,2025-03-11,H.R. 1968,"Full-Year Continuing Appropriations and Extensions Act, 2025",Yea
M001208,"McBath, Lucy",Democratic,House of Representatives,6,H2025_0061,2025-03-06,S.J.Res. 11,"A joint resolution providing for congressional disapproval under chapter 8 of title 5, United States Code, of the rule submitted by the Bureau of Ocean Energy Management relating to ""Protection of Marine Archaeological Resources"".",Nay
M001218,"McCormick, Richard",Republican,House of Representatives,7,H2026_0089,2026-03-17,S. 3971,Small Business Innovation and Economic Security Act,Yea
M001218,"McCormick, Richard",Republican,House of Representatives,7,H2026_0181,2026-05-20,S. 1003,Lulu’s Law,Yea
M001218,"McCormick, Richard",Republican,House of Representatives,7,H2025_0023,2025-01-22,S. 5,Laken Riley Act,Yea
M001218,"McCormick, Richard",Republican,House of Representatives,7,H2026_0214,2026-06-09,S. 2,Secure America Act,Yea
M001218,"McCormick, Richard",Republican,House of Representatives,7,H2026_0213,2026-06-09,S. 2,Secure America Act,Nay
M001218,"McCormick, Richard",Republican,House of Representatives,7,H2026_0224,2026-06-23,H.R. 6644,21st Century ROAD to Housing Act,Yea
M001218,"McCormick, Richard",Republican,House of Representatives,7,H2026_0057,2026-02-09,H.R. 6644,21st Century ROAD to Housing Act,Yea
M001218,"McCormick, Richard",Republican,House of Representatives,7,H2026_0223,2026-06-23,S. 629,Emergency Conservation Program Improvement Act of 2025,Yea
M001218,"McCormick, Richard",Republican,House of Representatives,7,H2026_0193,2026-06-03,S. 254,ARTIST Act,Yea
M001218,"McCormick, Richard",Republican,House of Representatives,7,H2026_0180,2026-05-20,S. 2393,Fiscal Year 2025 Veterans Affairs Major Medical Facility Authorization Act,Yea
M001218,"McCormick, Richard",Republican,House of Representatives,7,H2026_0042,2026-01-22,H.R. 7147,"Homeland Security and Further Additional Continuing Appropriations Act, 2026.",Yea
M001218,"McCormick, Richard",Republican,House of Representatives,7,H2026_0129,2026-04-21,S. 1020,A bill to require the Federal Energy Regulatory Commission to extend the time period during which licensees are required to commence construction of certain hydropower projects.,Yea
M001218,"McCormick, Richard",Republican,House of Representatives,7,H2026_0081,2026-03-04,S. 723,Tribal Trust Land Homeownership Act of 2025,Yea
M001218,"McCormick, Richard",Republican,House of Representatives,7,H2026_0155,2026-04-30,S. 4465,"A bill to amend the FISA Amendments Act of 2008 to extend the authorities of title VII of the Foreign Intelligence Surveillance Act of 1978, and for other purposes.",Yea
M001218,"McCormick, Richard",Republican,House of Representatives,7,H2026_0038,2026-01-21,H.J.Res. 140,"Providing for congressional disapproval under chapter 8 of title 5, United States Code, of the rule submitted by the Bureau of Land Management relating to Public Land Order No. 7917 for Withdrawal of Federal Lands; Cook, Lake, and Saint Louis Counties, MN.",Yea
M001218,"McCormick, Richard",Republican,House of Representatives,7,H2025_0151,2025-06-04,H.R. 2483,SUPPORT for Patients and Communities Reauthorization Act of 2025,Yea
M001218,"McCormick, Richard",Republican,House of Representatives,7,H2026_0056,2026-02-04,H.J.Res. 142,Disapproving the action of the District of Columbia Council in approving the D.C. Income and Franchise Tax Conformity and Revision Temporary Amendment Act of 2025.,Yea
M001218,"McCormick, Richard",Republican,House of Representatives,7,H2026_0053,2026-02-03,H.R. 7148,"Consolidated Appropriations Act, 2026",Yea
M001218,"McCormick, Richard",Republican,House of Representatives,7,H2026_0045,2026-01-22,H.R. 7148,"Consolidated Appropriations Act, 2026",Yea
M001218,"McCormick, Richard",Republican,House of Representatives,7,H2026_0007,2026-01-08,H.R. 6938,"Commerce, Justice, Science; Energy and Water Development; and Interior and Environment Appropriations Act, 2026",Yea
M001218,"McCormick, Richard",Republican,House of Representatives,7,H2026_0006,2026-01-08,H.R. 6938,"Commerce, Justice, Science; Energy and Water Development; and Interior and Environment Appropriations Act, 2026",Yea
M001218,"McCormick, Richard",Republican,House of Representatives,7,H2026_0005,2026-01-08,H.R. 6938,"Commerce, Justice, Science; Energy and Water Development; and Interior and Environment Appropriations Act, 2026",Nay
M001218,"McCormick, Richard",Republican,House of Representatives,7,H2025_0335,2025-12-15,S. 284,Congressional Award Program Reauthorization Act,Not Voting
M001218,"McCormick, Richard",Republican,House of Representatives,7,H2025_0088,2025-04-01,H.R. 1491,Disaster Related Extension of Deadlines Act,Yea
M001218,"McCormick, Richard",Republican,House of Representatives,7,H2025_0019,2025-01-21,H.R. 187,MAPWaters Act of 2025,Yea
M001218,"McCormick, Richard",Republican,House of Representatives,7,H2025_0320,2025-12-10,S. 1071,National Defense Authorization Act for Fiscal Year 2026,Yea
M001218,"McCormick, Richard",Republican,House of Representatives,7,H2025_0319,2025-12-10,S. 1071,National Defense Authorization Act for Fiscal Year 2026,Nay
M001218,"McCormick, Richard",Republican,House of Representatives,7,H2025_0022,2025-01-22,H.R. 165,Wounded Knee Massacre Memorial and Sacred Site Act,Yea
M001218,"McCormick, Richard",Republican,House of Representatives,7,H2025_0315,2025-12-09,S. 356,Secure Rural Schools Reauthorization Act of 2025,Yea
M001218,"McCormick, Richard",Republican,House of Representatives,7,H2025_0295,2025-11-18,H.J.Res. 131,"Providing for congressional disapproval under chapter 8 of title 5, United States Code, of the rule submitted by the Bureau of Land Management relating to Coastal Plain Oil and Gas Leasing Program Record of Decision.",Yea
M001218,"McCormick, Richard",Republican,House of Representatives,7,H2025_0294,2025-11-18,H.J.Res. 130,"Providing for congressional disapproval under chapter 8 of title 5, United States Code, of the rule submitted by the Bureau of Land Management relating to Buffalo Field Office Record of Decision and Approved Resource Management Plan Amendment.",Yea
M001218,"McCormick, Richard",Republican,House of Representatives,7,H2025_0225,2025-09-03,H.J.Res. 106,"Providing for congressional disapproval under chapter 8 of title 5, United States Code, of the rule submitted by the Bureau of Land Management relating to ""Central Yukon Record of Decision and Approved Resource Management Plan"".",Yea
M001218,"McCormick, Richard",Republican,House of Representatives,7,H2025_0226,2025-09-03,H.J.Res. 105,"Providing for congressional disapproval under chapter 8 of title 5, United States Code, of the rule submitted by the Bureau of Land Management relating to ""North Dakota Field Office Record of Decision and Approved Resource Management Plan"".",Yea
M001218,"McCormick, Richard",Republican,House of Representatives,7,H2025_0224,2025-09-03,H.J.Res. 104,"Providing for congressional disapproval under chapter 8 of title 5, United States Code, of the rule submitted by the Bureau of Land Management relating to ""Miles City Field Office Record of Decision and Approved Resource Management Plan Amendment"".",Yea
M001218,"McCormick, Richard",Republican,House of Representatives,7,H2025_0296,2025-11-18,S.J.Res. 80,"A joint resolution providing for congressional disapproval under chapter 8 of title 5, United States Code, of the rule submitted by the Bureau of Land Management relating to ""National Petroleum Reserve in Alaska Integrated Activity Plan Record of Decision"".",Yea
M001218,"McCormick, Richard",Republican,House of Representatives,7,H2025_0051,2025-02-26,H.R. 695,Medal of Honor Act,Yea
M001218,"McCormick, Richard",Republican,House of Representatives,7,H2025_0289,2025-11-18,H.R. 4405,Epstein Files Transparency Act,Yea
M001218,"McCormick, Richard",Republican,House of Representatives,7,H2025_0200,2025-07-17,S. 1582,GENIUS Act,Yea
M001218,"McCormick, Richard",Republican,House of Representatives,7,H2025_0285,2025-11-12,H.R. 5371,"Continuing Appropriations, Agriculture, Legislative Branch, Military Construction and Veterans Affairs, and Extensions Act, 2026",Yea
M001218,"McCormick, Richard",Republican,House of Representatives,7,H2025_0281,2025-09-19,H.R. 5371,"Continuing Appropriations, Agriculture, Legislative Branch, Military Construction and Veterans Affairs, and Extensions Act, 2026",Yea
M001218,"McCormick, Richard",Republican,House of Representatives,7,H2025_0280,2025-09-19,H.R. 5371,"Continuing Appropriations, Agriculture, Legislative Branch, Military Construction and Veterans Affairs, and Extensions Act, 2026",Nay
M001218,"McCormick, Richard",Republican,House of Representatives,7,H2025_0096,2025-04-09,S.J.Res. 18,"A joint resolution disapproving the rule submitted by the Bureau of Consumer Financial Protection relating to ""Overdraft Lending: Very Large Financial Institutions"".",Yea
M001218,"McCormick, Richard",Republican,House of Representatives,7,H2025_0166,2025-06-12,S. 331,HALT Fentanyl Act,Yea
M001218,"McCormick, Richard",Republican,House of Representatives,7,H2025_0168,2025-06-12,H.R. 4,Rescissions Act of 2025,Yea
M001218,"McCormick, Richard",Republican,House of Representatives,7,H2025_0167,2025-06-12,H.R. 4,Rescissions Act of 2025,Nay
M001218,"McCormick, Richard",Republican,House of Representatives,7,H2025_0193,2025-07-14,S. 1596,Jocelyn Nungaray National Wildlife Refuge Act,Yea
M001218,"McCormick, Richard",Republican,House of Representatives,7,H2025_0084,2025-03-31,H.R. 517,Filing Relief for Natural Disasters Act,Yea
M001218,"McCormick, Richard",Republican,House of Representatives,7,H2025_0125,2025-05-14,H.R. 2215,Salem Maritime National Historical Park Redesignation and Boundary Study Act,Nay
M001218,"McCormick, Richard",Republican,House of Representatives,7,H2025_0190,2025-07-03,H.R. 1,An act to provide for reconciliation pursuant to title II of H. Con. Res. 14.,Yea
M001218,"McCormick, Richard",Republican,House of Representatives,7,H2025_0145,2025-05-22,H.R. 1,An act to provide for reconciliation pursuant to title II of H. Con. Res. 14.,Yea
M001218,"McCormick, Richard",Republican,House of Representatives,7,H2025_0144,2025-05-22,H.R. 1,An act to provide for reconciliation pursuant to title II of H. Con. Res. 14.,Nay
M001218,"McCormick, Richard",Republican,House of Representatives,7,H2025_0028,2025-02-04,H.R. 43,Alaska Native Village Municipal Lands Restoration Act of 2025,Yea
M001218,"McCormick, Richard",Republican,House of Representatives,7,H2025_0137,2025-05-20,S.J.Res. 13,"A joint resolution providing for congressional disapproval under chapter 8 of title 5, United States Code, of the rule submitted by the Office of the Comptroller of the Currency of the Department of the Treasury relating to the review of applications under the Bank Merger Act.",Yea
M001218,"McCormick, Richard",Republican,House of Representatives,7,H2025_0143,2025-05-22,S.J.Res. 31,"A joint resolution providing for congressional disapproval under chapter 8 of title 5, United States Code, of the rule submitted by the Environmental Protection Agency relating to ""Review of Final Rule Reclassification of Major Sources as Area Sources Under Section 112 of the Clean Air Act"".",Yea
M001218,"McCormick, Richard",Republican,House of Representatives,7,H2025_0112,2025-04-30,H.J.Res. 89,"Providing congressional disapproval under chapter 8 of title 5, United States Code, of the rule submitted by the Environmental Protection Agency relating to ""California State Motor Vehicle and Engine and Nonroad Engine Pollution Control Standards; The ""Omnibus"" Low NOX Regulation; Waiver of Preemption; Notice of Decision"".",Yea
M001218,"McCormick, Richard",Republican,House of Representatives,7,H2025_0114,2025-05-01,H.J.Res. 88,"Providing congressional disapproval under chapter 8 of title 5, United States Code, of the rule submitted by the Environmental Protection Agency relating to ""California State Motor Vehicle and Engine Pollution Control Standards; Advanced Clean Cars II; Waiver of Preemption; Notice of Decision"".",Yea
M001218,"McCormick, Richard",Republican,House of Representatives,7,H2025_0111,2025-04-30,H.J.Res. 87,"Providing congressional disapproval under chapter 8 of title 5, United States Code, of the rule submitted by the Environmental Protection Agency relating to ""California State Motor Vehicle and Engine Pollution Control Standards; Heavy-Duty Vehicle and Engine Emission Warranty and Maintenance Provisions; Advanced Clean Trucks; Zero Emission Airport Shuttle; Zero-Emission Power Train Certification; Waiver of Preemption; Notice of Decision"".",Yea
M001218,"McCormick, Richard",Republican,House of Representatives,7,H2025_0095,2025-04-09,S.J.Res. 28,"A joint resolution disapproving the rule submitted by the Bureau of Consumer Financial Protection relating to ""Defining Larger Participants of a Market for General-Use Digital Consumer Payment Applications"".",Yea
M001218,"McCormick, Richard",Republican,House of Representatives,7,H2025_0058,2025-03-05,H.J.Res. 61,"Providing for congressional disapproval under chapter 8 of title 5, United States Code, of the rule submitted by the Environmental Protection Agency relating to ""National Emission Standards for Hazardous Air Pollutants: Rubber Tire Manufacturing"".",Yea
M001218,"McCormick, Richard",Republican,House of Representatives,7,H2025_0110,2025-04-29,H.J.Res. 60,"Providing for congressional disapproval under chapter 8 of title 5, United States Code, of the rule submitted by the National Park Service relating to ""Glen Canyon National Recreation Area: Motor Vehicles"".",Yea
M001218,"McCormick, Richard",Republican,House of Representatives,7,H2025_0104,2025-04-28,S. 146,TAKE IT DOWN Act,Yea
M001218,"McCormick, Richard",Republican,House of Representatives,7,H2025_0078,2025-03-27,H.J.Res. 75,"Providing for congressional disapproval under chapter 8 of title 5, United States Code, of the rule submitted by the Office of Energy Efficiency and Renewable Energy, Department of Energy relating to ""Energy Conservation Program: Energy Conservation Standards for Commercial Refrigerators, Freezers, and Refrigerator-Freezers"".",Yea
M001218,"McCormick, Richard",Republican,House of Representatives,7,H2025_0059,2025-03-05,H.J.Res. 42,"Providing for congressional disapproval under chapter 8 of title 5, United States Code, of the rule submitted by the Department of Energy relating to ""Energy Conservation Program for Appliance Standards: Certification Requirements, Labeling Requirements, and Enforcement Provisions for Certain Consumer Products and Commercial Equipment"".",Yea
M001218,"McCormick, Richard",Republican,House of Representatives,7,H2025_0077,2025-03-27,H.J.Res. 24,"Providing for congressional disapproval under chapter 8 of title 5, United States Code, of the rule submitted by the Department of Energy relating to ""Energy Conservation Program: Energy Conservation Standards for Walk-In Coolers and Walk-In Freezers"".",Yea
M001218,"McCormick, Richard",Republican,House of Representatives,7,H2025_0053,2025-02-27,H.J.Res. 20,"Providing for congressional disapproval under chapter 8 of title 5, United States Code, of the rule submitted by the Department of Energy relating to ""Energy Conservation Program: Energy Conservation Standards for Consumer Gas-fired Instantaneous Water Heaters"".",Yea
M001218,"McCormick, Richard",Republican,House of Representatives,7,H2025_0071,2025-03-11,H.J.Res. 25,"Providing for congressional disapproval under chapter 8 of title 5, United States Code, of the rule submitted by the Internal Revenue Service relating to ""Gross Proceeds Reporting by Brokers That Regularly Provide Services Effectuating Digital Asset Sales"".",Yea
M001218,"McCormick, Richard",Republican,House of Representatives,7,H2025_0052,2025-02-26,H.J.Res. 35,"Providing for congressional disapproval under chapter 8 of title 5, United States Code, of the rule submitted by the Environmental Protection Agency relating to ""Waste Emissions Charge for Petroleum and Natural Gas Systems: Procedures for Facilitating Compliance, Including Netting and Exemptions"".",Yea
M001218,"McCormick, Richard",Republican,House of Representatives,7,H2025_0070,2025-03-11,H.R. 1968,"Full-Year Continuing Appropriations and Extensions Act, 2025",Yea
M001218,"McCormick, Richard",Republican,House of Representatives,7,H2025_0069,2025-03-11,H.R. 1968,"Full-Year Continuing Appropriations and Extensions Act, 2025",Nay
M001218,"McCormick, Richard",Republican,House of Representatives,7,H2025_0061,2025-03-06,S.J.Res. 11,"A joint resolution providing for congressional disapproval under chapter 8 of title 5, United States Code, of the rule submitted by the Bureau of Ocean Energy Management relating to ""Protection of Marine Archaeological Resources"".",Yea
S001189,"Scott, Austin",Republican,House of Representatives,8,H2026_0089,2026-03-17,S. 3971,Small Business Innovation and Economic Security Act,Yea
S001189,"Scott, Austin",Republican,House of Representatives,8,H2026_0181,2026-05-20,S. 1003,Lulu’s Law,Yea
S001189,"Scott, Austin",Republican,House of Representatives,8,H2025_0023,2025-01-22,S. 5,Laken Riley Act,Yea
S001189,"Scott, Austin",Republican,House of Representatives,8,H2026_0214,2026-06-09,S. 2,Secure America Act,Yea
S001189,"Scott, Austin",Republican,House of Representatives,8,H2026_0213,2026-06-09,S. 2,Secure America Act,Nay
S001189,"Scott, Austin",Republican,House of Representatives,8,H2026_0224,2026-06-23,H.R. 6644,21st Century ROAD to Housing Act,Yea
S001189,"Scott, Austin",Republican,House of Representatives,8,H2026_0057,2026-02-09,H.R. 6644,21st Century ROAD to Housing Act,Yea
S001189,"Scott, Austin",Republican,House of Representatives,8,H2026_0223,2026-06-23,S. 629,Emergency Conservation Program Improvement Act of 2025,Yea
S001189,"Scott, Austin",Republican,House of Representatives,8,H2026_0193,2026-06-03,S. 254,ARTIST Act,Yea
S001189,"Scott, Austin",Republican,House of Representatives,8,H2026_0180,2026-05-20,S. 2393,Fiscal Year 2025 Veterans Affairs Major Medical Facility Authorization Act,Yea
S001189,"Scott, Austin",Republican,House of Representatives,8,H2026_0042,2026-01-22,H.R. 7147,"Homeland Security and Further Additional Continuing Appropriations Act, 2026.",Yea
S001189,"Scott, Austin",Republican,House of Representatives,8,H2026_0129,2026-04-21,S. 1020,A bill to require the Federal Energy Regulatory Commission to extend the time period during which licensees are required to commence construction of certain hydropower projects.,Yea
S001189,"Scott, Austin",Republican,House of Representatives,8,H2026_0081,2026-03-04,S. 723,Tribal Trust Land Homeownership Act of 2025,Yea
S001189,"Scott, Austin",Republican,House of Representatives,8,H2026_0155,2026-04-30,S. 4465,"A bill to amend the FISA Amendments Act of 2008 to extend the authorities of title VII of the Foreign Intelligence Surveillance Act of 1978, and for other purposes.",Yea
S001189,"Scott, Austin",Republican,House of Representatives,8,H2026_0038,2026-01-21,H.J.Res. 140,"Providing for congressional disapproval under chapter 8 of title 5, United States Code, of the rule submitted by the Bureau of Land Management relating to Public Land Order No. 7917 for Withdrawal of Federal Lands; Cook, Lake, and Saint Louis Counties, MN.",Yea
S001189,"Scott, Austin",Republican,House of Representatives,8,H2025_0151,2025-06-04,H.R. 2483,SUPPORT for Patients and Communities Reauthorization Act of 2025,Yea
S001189,"Scott, Austin",Republican,House of Representatives,8,H2026_0056,2026-02-04,H.J.Res. 142,Disapproving the action of the District of Columbia Council in approving the D.C. Income and Franchise Tax Conformity and Revision Temporary Amendment Act of 2025.,Yea
S001189,"Scott, Austin",Republican,House of Representatives,8,H2026_0053,2026-02-03,H.R. 7148,"Consolidated Appropriations Act, 2026",Yea
S001189,"Scott, Austin",Republican,House of Representatives,8,H2026_0045,2026-01-22,H.R. 7148,"Consolidated Appropriations Act, 2026",Yea
S001189,"Scott, Austin",Republican,House of Representatives,8,H2026_0007,2026-01-08,H.R. 6938,"Commerce, Justice, Science; Energy and Water Development; and Interior and Environment Appropriations Act, 2026",Yea
S001189,"Scott, Austin",Republican,House of Representatives,8,H2026_0006,2026-01-08,H.R. 6938,"Commerce, Justice, Science; Energy and Water Development; and Interior and Environment Appropriations Act, 2026",Yea
S001189,"Scott, Austin",Republican,House of Representatives,8,H2026_0005,2026-01-08,H.R. 6938,"Commerce, Justice, Science; Energy and Water Development; and Interior and Environment Appropriations Act, 2026",Yea
S001189,"Scott, Austin",Republican,House of Representatives,8,H2025_0335,2025-12-15,S. 284,Congressional Award Program Reauthorization Act,Yea
S001189,"Scott, Austin",Republican,House of Representatives,8,H2025_0088,2025-04-01,H.R. 1491,Disaster Related Extension of Deadlines Act,Yea
S001189,"Scott, Austin",Republican,House of Representatives,8,H2025_0019,2025-01-21,H.R. 187,MAPWaters Act of 2025,Yea
S001189,"Scott, Austin",Republican,House of Representatives,8,H2025_0320,2025-12-10,S. 1071,National Defense Authorization Act for Fiscal Year 2026,Yea
S001189,"Scott, Austin",Republican,House of Representatives,8,H2025_0319,2025-12-10,S. 1071,National Defense Authorization Act for Fiscal Year 2026,Nay
S001189,"Scott, Austin",Republican,House of Representatives,8,H2025_0022,2025-01-22,H.R. 165,Wounded Knee Massacre Memorial and Sacred Site Act,Yea
S001189,"Scott, Austin",Republican,House of Representatives,8,H2025_0315,2025-12-09,S. 356,Secure Rural Schools Reauthorization Act of 2025,Yea
S001189,"Scott, Austin",Republican,House of Representatives,8,H2025_0295,2025-11-18,H.J.Res. 131,"Providing for congressional disapproval under chapter 8 of title 5, United States Code, of the rule submitted by the Bureau of Land Management relating to Coastal Plain Oil and Gas Leasing Program Record of Decision.",Yea
S001189,"Scott, Austin",Republican,House of Representatives,8,H2025_0294,2025-11-18,H.J.Res. 130,"Providing for congressional disapproval under chapter 8 of title 5, United States Code, of the rule submitted by the Bureau of Land Management relating to Buffalo Field Office Record of Decision and Approved Resource Management Plan Amendment.",Yea
S001189,"Scott, Austin",Republican,House of Representatives,8,H2025_0225,2025-09-03,H.J.Res. 106,"Providing for congressional disapproval under chapter 8 of title 5, United States Code, of the rule submitted by the Bureau of Land Management relating to ""Central Yukon Record of Decision and Approved Resource Management Plan"".",Yea
S001189,"Scott, Austin",Republican,House of Representatives,8,H2025_0226,2025-09-03,H.J.Res. 105,"Providing for congressional disapproval under chapter 8 of title 5, United States Code, of the rule submitted by the Bureau of Land Management relating to ""North Dakota Field Office Record of Decision and Approved Resource Management Plan"".",Yea
S001189,"Scott, Austin",Republican,House of Representatives,8,H2025_0224,2025-09-03,H.J.Res. 104,"Providing for congressional disapproval under chapter 8 of title 5, United States Code, of the rule submitted by the Bureau of Land Management relating to ""Miles City Field Office Record of Decision and Approved Resource Management Plan Amendment"".",Yea
S001189,"Scott, Austin",Republican,House of Representatives,8,H2025_0296,2025-11-18,S.J.Res. 80,"A joint resolution providing for congressional disapproval under chapter 8 of title 5, United States Code, of the rule submitted by the Bureau of Land Management relating to ""National Petroleum Reserve in Alaska Integrated Activity Plan Record of Decision"".",Yea
S001189,"Scott, Austin",Republican,House of Representatives,8,H2025_0051,2025-02-26,H.R. 695,Medal of Honor Act,Yea
S001189,"Scott, Austin",Republican,House of Representatives,8,H2025_0289,2025-11-18,H.R. 4405,Epstein Files Transparency Act,Yea
S001189,"Scott, Austin",Republican,House of Representatives,8,H2025_0200,2025-07-17,S. 1582,GENIUS Act,Nay
S001189,"Scott, Austin",Republican,House of Representatives,8,H2025_0285,2025-11-12,H.R. 5371,"Continuing Appropriations, Agriculture, Legislative Branch, Military Construction and Veterans Affairs, and Extensions Act, 2026",Yea
S001189,"Scott, Austin",Republican,House of Representatives,8,H2025_0281,2025-09-19,H.R. 5371,"Continuing Appropriations, Agriculture, Legislative Branch, Military Construction and Veterans Affairs, and Extensions Act, 2026",Yea
S001189,"Scott, Austin",Republican,House of Representatives,8,H2025_0280,2025-09-19,H.R. 5371,"Continuing Appropriations, Agriculture, Legislative Branch, Military Construction and Veterans Affairs, and Extensions Act, 2026",Nay
S001189,"Scott, Austin",Republican,House of Representatives,8,H2025_0096,2025-04-09,S.J.Res. 18,"A joint resolution disapproving the rule submitted by the Bureau of Consumer Financial Protection relating to ""Overdraft Lending: Very Large Financial Institutions"".",Yea
S001189,"Scott, Austin",Republican,House of Representatives,8,H2025_0166,2025-06-12,S. 331,HALT Fentanyl Act,Yea
S001189,"Scott, Austin",Republican,House of Representatives,8,H2025_0168,2025-06-12,H.R. 4,Rescissions Act of 2025,Yea
S001189,"Scott, Austin",Republican,House of Representatives,8,H2025_0167,2025-06-12,H.R. 4,Rescissions Act of 2025,Nay
S001189,"Scott, Austin",Republican,House of Representatives,8,H2025_0193,2025-07-14,S. 1596,Jocelyn Nungaray National Wildlife Refuge Act,Yea
S001189,"Scott, Austin",Republican,House of Representatives,8,H2025_0084,2025-03-31,H.R. 517,Filing Relief for Natural Disasters Act,Yea
S001189,"Scott, Austin",Republican,House of Representatives,8,H2025_0125,2025-05-14,H.R. 2215,Salem Maritime National Historical Park Redesignation and Boundary Study Act,Yea
S001189,"Scott, Austin",Republican,House of Representatives,8,H2025_0190,2025-07-03,H.R. 1,An act to provide for reconciliation pursuant to title II of H. Con. Res. 14.,Yea
S001189,"Scott, Austin",Republican,House of Representatives,8,H2025_0145,2025-05-22,H.R. 1,An act to provide for reconciliation pursuant to title II of H. Con. Res. 14.,Yea
S001189,"Scott, Austin",Republican,House of Representatives,8,H2025_0144,2025-05-22,H.R. 1,An act to provide for reconciliation pursuant to title II of H. Con. Res. 14.,Nay
S001189,"Scott, Austin",Republican,House of Representatives,8,H2025_0028,2025-02-04,H.R. 43,Alaska Native Village Municipal Lands Restoration Act of 2025,Yea
S001189,"Scott, Austin",Republican,House of Representatives,8,H2025_0137,2025-05-20,S.J.Res. 13,"A joint resolution providing for congressional disapproval under chapter 8 of title 5, United States Code, of the rule submitted by the Office of the Comptroller of the Currency of the Department of the Treasury relating to the review of applications under the Bank Merger Act.",Yea
S001189,"Scott, Austin",Republican,House of Representatives,8,H2025_0143,2025-05-22,S.J.Res. 31,"A joint resolution providing for congressional disapproval under chapter 8 of title 5, United States Code, of the rule submitted by the Environmental Protection Agency relating to ""Review of Final Rule Reclassification of Major Sources as Area Sources Under Section 112 of the Clean Air Act"".",Yea
S001189,"Scott, Austin",Republican,House of Representatives,8,H2025_0112,2025-04-30,H.J.Res. 89,"Providing congressional disapproval under chapter 8 of title 5, United States Code, of the rule submitted by the Environmental Protection Agency relating to ""California State Motor Vehicle and Engine and Nonroad Engine Pollution Control Standards; The ""Omnibus"" Low NOX Regulation; Waiver of Preemption; Notice of Decision"".",Yea
S001189,"Scott, Austin",Republican,House of Representatives,8,H2025_0114,2025-05-01,H.J.Res. 88,"Providing congressional disapproval under chapter 8 of title 5, United States Code, of the rule submitted by the Environmental Protection Agency relating to ""California State Motor Vehicle and Engine Pollution Control Standards; Advanced Clean Cars II; Waiver of Preemption; Notice of Decision"".",Yea
S001189,"Scott, Austin",Republican,House of Representatives,8,H2025_0111,2025-04-30,H.J.Res. 87,"Providing congressional disapproval under chapter 8 of title 5, United States Code, of the rule submitted by the Environmental Protection Agency relating to ""California State Motor Vehicle and Engine Pollution Control Standards; Heavy-Duty Vehicle and Engine Emission Warranty and Maintenance Provisions; Advanced Clean Trucks; Zero Emission Airport Shuttle; Zero-Emission Power Train Certification; Waiver of Preemption; Notice of Decision"".",Yea
S001189,"Scott, Austin",Republican,House of Representatives,8,H2025_0095,2025-04-09,S.J.Res. 28,"A joint resolution disapproving the rule submitted by the Bureau of Consumer Financial Protection relating to ""Defining Larger Participants of a Market for General-Use Digital Consumer Payment Applications"".",Yea
S001189,"Scott, Austin",Republican,House of Representatives,8,H2025_0058,2025-03-05,H.J.Res. 61,"Providing for congressional disapproval under chapter 8 of title 5, United States Code, of the rule submitted by the Environmental Protection Agency relating to ""National Emission Standards for Hazardous Air Pollutants: Rubber Tire Manufacturing"".",Yea
S001189,"Scott, Austin",Republican,House of Representatives,8,H2025_0110,2025-04-29,H.J.Res. 60,"Providing for congressional disapproval under chapter 8 of title 5, United States Code, of the rule submitted by the National Park Service relating to ""Glen Canyon National Recreation Area: Motor Vehicles"".",Yea
S001189,"Scott, Austin",Republican,House of Representatives,8,H2025_0104,2025-04-28,S. 146,TAKE IT DOWN Act,Yea
S001189,"Scott, Austin",Republican,House of Representatives,8,H2025_0078,2025-03-27,H.J.Res. 75,"Providing for congressional disapproval under chapter 8 of title 5, United States Code, of the rule submitted by the Office of Energy Efficiency and Renewable Energy, Department of Energy relating to ""Energy Conservation Program: Energy Conservation Standards for Commercial Refrigerators, Freezers, and Refrigerator-Freezers"".",Yea
S001189,"Scott, Austin",Republican,House of Representatives,8,H2025_0059,2025-03-05,H.J.Res. 42,"Providing for congressional disapproval under chapter 8 of title 5, United States Code, of the rule submitted by the Department of Energy relating to ""Energy Conservation Program for Appliance Standards: Certification Requirements, Labeling Requirements, and Enforcement Provisions for Certain Consumer Products and Commercial Equipment"".",Yea
S001189,"Scott, Austin",Republican,House of Representatives,8,H2025_0077,2025-03-27,H.J.Res. 24,"Providing for congressional disapproval under chapter 8 of title 5, United States Code, of the rule submitted by the Department of Energy relating to ""Energy Conservation Program: Energy Conservation Standards for Walk-In Coolers and Walk-In Freezers"".",Yea
S001189,"Scott, Austin",Republican,House of Representatives,8,H2025_0053,2025-02-27,H.J.Res. 20,"Providing for congressional disapproval under chapter 8 of title 5, United States Code, of the rule submitted by the Department of Energy relating to ""Energy Conservation Program: Energy Conservation Standards for Consumer Gas-fired Instantaneous Water Heaters"".",Not Voting
S001189,"Scott, Austin",Republican,House of Representatives,8,H2025_0071,2025-03-11,H.J.Res. 25,"Providing for congressional disapproval under chapter 8 of title 5, United States Code, of the rule submitted by the Internal Revenue Service relating to ""Gross Proceeds Reporting by Brokers That Regularly Provide Services Effectuating Digital Asset Sales"".",Yea
S001189,"Scott, Austin",Republican,House of Representatives,8,H2025_0052,2025-02-26,H.J.Res. 35,"Providing for congressional disapproval under chapter 8 of title 5, United States Code, of the rule submitted by the Environmental Protection Agency relating to ""Waste Emissions Charge for Petroleum and Natural Gas Systems: Procedures for Facilitating Compliance, Including Netting and Exemptions"".",Yea
S001189,"Scott, Austin",Republican,House of Representatives,8,H2025_0070,2025-03-11,H.R. 1968,"Full-Year Continuing Appropriations and Extensions Act, 2025",Yea
S001189,"Scott, Austin",Republican,House of Representatives,8,H2025_0069,2025-03-11,H.R. 1968,"Full-Year Continuing Appropriations and Extensions Act, 2025",Nay
S001189,"Scott, Austin",Republican,House of Representatives,8,H2025_0061,2025-03-06,S.J.Res. 11,"A joint resolution providing for congressional disapproval under chapter 8 of title 5, United States Code, of the rule submitted by the Bureau of Ocean Energy Management relating to ""Protection of Marine Archaeological Resources"".",Yea
S001157,,,,,H2026_0089,2026-03-17,S. 3971,Small Business Innovation and Economic Security Act,Yea
S001157,,,,,H2025_0023,2025-01-22,S. 5,Laken Riley Act,Nay
S001157,,,,,H2026_0057,2026-02-09,H.R. 6644,21st Century ROAD to Housing Act,Yea
S001157,,,,,H2026_0042,2026-01-22,H.R. 7147,"Homeland Security and Further Additional Continuing Appropriations Act, 2026.",Nay
S001157,,,,,H2026_0129,2026-04-21,S. 1020,A bill to require the Federal Energy Regulatory Commission to extend the time period during which licensees are required to commence construction of certain hydropower projects.,Yea
S001157,,,,,H2026_0081,2026-03-04,S. 723,Tribal Trust Land Homeownership Act of 2025,Yea
S001157,,,,,H2026_0038,2026-01-21,H.J.Res. 140,"Providing for congressional disapproval under chapter 8 of title 5, United States Code, of the rule submitted by the Bureau of Land Management relating to Public Land Order No. 7917 for Withdrawal of Federal Lands; Cook, Lake, and Saint Louis Counties, MN.",Nay
S001157,,,,,H2025_0151,2025-06-04,H.R. 2483,SUPPORT for Patients and Communities Reauthorization Act of 2025,Yea
S001157,,,,,H2026_0056,2026-02-04,H.J.Res. 142,Disapproving the action of the District of Columbia Council in approving the D.C. Income and Franchise Tax Conformity and Revision Temporary Amendment Act of 2025.,Nay
S001157,,,,,H2026_0053,2026-02-03,H.R. 7148,"Consolidated Appropriations Act, 2026",Yea
S001157,,,,,H2026_0045,2026-01-22,H.R. 7148,"Consolidated Appropriations Act, 2026",Yea
S001157,,,,,H2026_0007,2026-01-08,H.R. 6938,"Commerce, Justice, Science; Energy and Water Development; and Interior and Environment Appropriations Act, 2026",Yea
S001157,,,,,H2026_0006,2026-01-08,H.R. 6938,"Commerce, Justice, Science; Energy and Water Development; and Interior and Environment Appropriations Act, 2026",Yea
S001157,,,,,H2026_0005,2026-01-08,H.R. 6938,"Commerce, Justice, Science; Energy and Water Development; and Interior and Environment Appropriations Act, 2026",Yea
S001157,,,,,H2025_0335,2025-12-15,S. 284,Congressional Award Program Reauthorization Act,Yea
S001157,,,,,H2025_0088,2025-04-01,H.R. 1491,Disaster Related Extension of Deadlines Act,Yea
S001157,,,,,H2025_0019,2025-01-21,H.R. 187,MAPWaters Act of 2025,Yea
S001157,,,,,H2025_0320,2025-12-10,S. 1071,National Defense Authorization Act for Fiscal Year 2026,Nay
S001157,,,,,H2025_0319,2025-12-10,S. 1071,National Defense Authorization Act for Fiscal Year 2026,Yea
S001157,,,,,H2025_0022,2025-01-22,H.R. 165,Wounded Knee Massacre Memorial and Sacred Site Act,Yea
S001157,,,,,H2025_0315,2025-12-09,S. 356,Secure Rural Schools Reauthorization Act of 2025,Yea
S001157,,,,,H2025_0295,2025-11-18,H.J.Res. 131,"Providing for congressional disapproval under chapter 8 of title 5, United States Code, of the rule submitted by the Bureau of Land Management relating to Coastal Plain Oil and Gas Leasing Program Record of Decision.",Nay
S001157,,,,,H2025_0294,2025-11-18,H.J.Res. 130,"Providing for congressional disapproval under chapter 8 of title 5, United States Code, of the rule submitted by the Bureau of Land Management relating to Buffalo Field Office Record of Decision and Approved Resource Management Plan Amendment.",Nay
S001157,,,,,H2025_0225,2025-09-03,H.J.Res. 106,"Providing for congressional disapproval under chapter 8 of title 5, United States Code, of the rule submitted by the Bureau of Land Management relating to ""Central Yukon Record of Decision and Approved Resource Management Plan"".",Nay
S001157,,,,,H2025_0226,2025-09-03,H.J.Res. 105,"Providing for congressional disapproval under chapter 8 of title 5, United States Code, of the rule submitted by the Bureau of Land Management relating to ""North Dakota Field Office Record of Decision and Approved Resource Management Plan"".",Nay
S001157,,,,,H2025_0224,2025-09-03,H.J.Res. 104,"Providing for congressional disapproval under chapter 8 of title 5, United States Code, of the rule submitted by the Bureau of Land Management relating to ""Miles City Field Office Record of Decision and Approved Resource Management Plan Amendment"".",Nay
S001157,,,,,H2025_0296,2025-11-18,S.J.Res. 80,"A joint resolution providing for congressional disapproval under chapter 8 of title 5, United States Code, of the rule submitted by the Bureau of Land Management relating to ""National Petroleum Reserve in Alaska Integrated Activity Plan Record of Decision"".",Nay
S001157,,,,,H2025_0051,2025-02-26,H.R. 695,Medal of Honor Act,Yea
S001157,,,,,H2025_0289,2025-11-18,H.R. 4405,Epstein Files Transparency Act,Yea
S001157,,,,,H2025_0200,2025-07-17,S. 1582,GENIUS Act,Nay
S001157,,,,,H2025_0285,2025-11-12,H.R. 5371,"Continuing Appropriations, Agriculture, Legislative Branch, Military Construction and Veterans Affairs, and Extensions Act, 2026",Nay
S001157,,,,,H2025_0281,2025-09-19,H.R. 5371,"Continuing Appropriations, Agriculture, Legislative Branch, Military Construction and Veterans Affairs, and Extensions Act, 2026",Nay
S001157,,,,,H2025_0280,2025-09-19,H.R. 5371,"Continuing Appropriations, Agriculture, Legislative Branch, Military Construction and Veterans Affairs, and Extensions Act, 2026",Yea
S001157,,,,,H2025_0096,2025-04-09,S.J.Res. 18,"A joint resolution disapproving the rule submitted by the Bureau of Consumer Financial Protection relating to ""Overdraft Lending: Very Large Financial Institutions"".",Nay
S001157,,,,,H2025_0166,2025-06-12,S. 331,HALT Fentanyl Act,Yea
S001157,,,,,H2025_0168,2025-06-12,H.R. 4,Rescissions Act of 2025,Nay
S001157,,,,,H2025_0167,2025-06-12,H.R. 4,Rescissions Act of 2025,Yea
S001157,,,,,H2025_0193,2025-07-14,S. 1596,Jocelyn Nungaray National Wildlife Refuge Act,Yea
S001157,,,,,H2025_0084,2025-03-31,H.R. 517,Filing Relief for Natural Disasters Act,Yea
S001157,,,,,H2025_0125,2025-05-14,H.R. 2215,Salem Maritime National Historical Park Redesignation and Boundary Study Act,Yea
S001157,,,,,H2025_0190,2025-07-03,H.R. 1,An act to provide for reconciliation pursuant to title II of H. Con. Res. 14.,Nay
S001157,,,,,H2025_0145,2025-05-22,H.R. 1,An act to provide for reconciliation pursuant to title II of H. Con. Res. 14.,Nay
S001157,,,,,H2025_0144,2025-05-22,H.R. 1,An act to provide for reconciliation pursuant to title II of H. Con. Res. 14.,Yea
S001157,,,,,H2025_0028,2025-02-04,H.R. 43,Alaska Native Village Municipal Lands Restoration Act of 2025,Yea
S001157,,,,,H2025_0137,2025-05-20,S.J.Res. 13,"A joint resolution providing for congressional disapproval under chapter 8 of title 5, United States Code, of the rule submitted by the Office of the Comptroller of the Currency of the Department of the Treasury relating to the review of applications under the Bank Merger Act.",Nay
S001157,,,,,H2025_0143,2025-05-22,S.J.Res. 31,"A joint resolution providing for congressional disapproval under chapter 8 of title 5, United States Code, of the rule submitted by the Environmental Protection Agency relating to ""Review of Final Rule Reclassification of Major Sources as Area Sources Under Section 112 of the Clean Air Act"".",Nay
S001157,,,,,H2025_0112,2025-04-30,H.J.Res. 89,"Providing congressional disapproval under chapter 8 of title 5, United States Code, of the rule submitted by the Environmental Protection Agency relating to ""California State Motor Vehicle and Engine and Nonroad Engine Pollution Control Standards; The ""Omnibus"" Low NOX Regulation; Waiver of Preemption; Notice of Decision"".",Nay
S001157,,,,,H2025_0114,2025-05-01,H.J.Res. 88,"Providing congressional disapproval under chapter 8 of title 5, United States Code, of the rule submitted by the Environmental Protection Agency relating to ""California State Motor Vehicle and Engine Pollution Control Standards; Advanced Clean Cars II; Waiver of Preemption; Notice of Decision"".",Nay
S001157,,,,,H2025_0111,2025-04-30,H.J.Res. 87,"Providing congressional disapproval under chapter 8 of title 5, United States Code, of the rule submitted by the Environmental Protection Agency relating to ""California State Motor Vehicle and Engine Pollution Control Standards; Heavy-Duty Vehicle and Engine Emission Warranty and Maintenance Provisions; Advanced Clean Trucks; Zero Emission Airport Shuttle; Zero-Emission Power Train Certification; Waiver of Preemption; Notice of Decision"".",Nay
S001157,,,,,H2025_0095,2025-04-09,S.J.Res. 28,"A joint resolution disapproving the rule submitted by the Bureau of Consumer Financial Protection relating to ""Defining Larger Participants of a Market for General-Use Digital Consumer Payment Applications"".",Nay
S001157,,,,,H2025_0058,2025-03-05,H.J.Res. 61,"Providing for congressional disapproval under chapter 8 of title 5, United States Code, of the rule submitted by the Environmental Protection Agency relating to ""National Emission Standards for Hazardous Air Pollutants: Rubber Tire Manufacturing"".",Nay
S001157,,,,,H2025_0110,2025-04-29,H.J.Res. 60,"Providing for congressional disapproval under chapter 8 of title 5, United States Code, of the rule submitted by the National Park Service relating to ""Glen Canyon National Recreation Area: Motor Vehicles"".",Nay
S001157,,,,,H2025_0104,2025-04-28,S. 146,TAKE IT DOWN Act,Yea
S001157,,,,,H2025_0078,2025-03-27,H.J.Res. 75,"Providing for congressional disapproval under chapter 8 of title 5, United States Code, of the rule submitted by the Office of Energy Efficiency and Renewable Energy, Department of Energy relating to ""Energy Conservation Program: Energy Conservation Standards for Commercial Refrigerators, Freezers, and Refrigerator-Freezers"".",Nay
S001157,,,,,H2025_0059,2025-03-05,H.J.Res. 42,"Providing for congressional disapproval under chapter 8 of title 5, United States Code, of the rule submitted by the Department of Energy relating to ""Energy Conservation Program for Appliance Standards: Certification Requirements, Labeling Requirements, and Enforcement Provisions for Certain Consumer Products and Commercial Equipment"".",Nay
S001157,,,,,H2025_0077,2025-03-27,H.J.Res. 24,"Providing for congressional disapproval under chapter 8 of title 5, United States Code, of the rule submitted by the Department of Energy relating to ""Energy Conservation Program: Energy Conservation Standards for Walk-In Coolers and Walk-In Freezers"".",Nay
S001157,,,,,H2025_0053,2025-02-27,H.J.Res. 20,"Providing for congressional disapproval under chapter 8 of title 5, United States Code, of the rule submitted by the Department of Energy relating to ""Energy Conservation Program: Energy Conservation Standards for Consumer Gas-fired Instantaneous Water Heaters"".",Nay
S001157,,,,,H2025_0071,2025-03-11,H.J.Res. 25,"Providing for congressional disapproval under chapter 8 of title 5, United States Code, of the rule submitted by the Internal Revenue Service relating to ""Gross Proceeds Reporting by Brokers That Regularly Provide Services Effectuating Digital Asset Sales"".",Nay
S001157,,,,,H2025_0052,2025-02-26,H.J.Res. 35,"Providing for congressional disapproval under chapter 8 of title 5, United States Code, of the rule submitted by the Environmental Protection Agency relating to ""Waste Emissions Charge for Petroleum and Natural Gas Systems: Procedures for Facilitating Compliance, Including Netting and Exemptions"".",Nay
S001157,,,,,H2025_0070,2025-03-11,H.R. 1968,"Full-Year Continuing Appropriations and Extensions Act, 2025",Nay
S001157,,,,,H2025_0069,2025-03-11,H.R. 1968,"Full-Year Continuing Appropriations and Extensions Act, 2025",Yea
S001157,,,,,H2025_0061,2025-03-06,S.J.Res. 11,"A joint resolution providing for congressional disapproval under chapter 8 of title 5, United States Code, of the rule submitted by the Bureau of Ocean Energy Management relating to ""Protection of Marine Archaeological Resources"".",Nay
W000788,"Williams, Nikema",Democratic,House of Representatives,5,H2026_0089,2026-03-17,S. 3971,Small Business Innovation and Economic Security Act,Yea
W000788,"Williams, Nikema",Democratic,House of Representatives,5,H2026_0181,2026-05-20,S. 1003,Lulu’s Law,Yea
W000788,"Williams, Nikema",Democratic,House of Representatives,5,H2025_0023,2025-01-22,S. 5,Laken Riley Act,Nay
W000788,"Williams, Nikema",Democratic,House of Representatives,5,H2026_0214,2026-06-09,S. 2,Secure America Act,Nay
W000788,"Williams, Nikema",Democratic,House of Representatives,5,H2026_0213,2026-06-09,S. 2,Secure America Act,Yea
W000788,"Williams, Nikema",Democratic,House of Representatives,5,H2026_0224,2026-06-23,H.R. 6644,21st Century ROAD to Housing Act,Yea
W000788,"Williams, Nikema",Democratic,House of Representatives,5,H2026_0057,2026-02-09,H.R. 6644,21st Century ROAD to Housing Act,Yea
W000788,"Williams, Nikema",Democratic,House of Representatives,5,H2026_0223,2026-06-23,S. 629,Emergency Conservation Program Improvement Act of 2025,Yea
W000788,"Williams, Nikema",Democratic,House of Representatives,5,H2026_0193,2026-06-03,S. 254,ARTIST Act,Yea
W000788,"Williams, Nikema",Democratic,House of Representatives,5,H2026_0180,2026-05-20,S. 2393,Fiscal Year 2025 Veterans Affairs Major Medical Facility Authorization Act,Yea
W000788,"Williams, Nikema",Democratic,House of Representatives,5,H2026_0042,2026-01-22,H.R. 7147,"Homeland Security and Further Additional Continuing Appropriations Act, 2026.",Nay
W000788,"Williams, Nikema",Democratic,House of Representatives,5,H2026_0129,2026-04-21,S. 1020,A bill to require the Federal Energy Regulatory Commission to extend the time period during which licensees are required to commence construction of certain hydropower projects.,Yea
W000788,"Williams, Nikema",Democratic,House of Representatives,5,H2026_0081,2026-03-04,S. 723,Tribal Trust Land Homeownership Act of 2025,Yea
W000788,"Williams, Nikema",Democratic,House of Representatives,5,H2026_0155,2026-04-30,S. 4465,"A bill to amend the FISA Amendments Act of 2008 to extend the authorities of title VII of the Foreign Intelligence Surveillance Act of 1978, and for other purposes.",Nay
W000788,"Williams, Nikema",Democratic,House of Representatives,5,H2026_0038,2026-01-21,H.J.Res. 140,"Providing for congressional disapproval under chapter 8 of title 5, United States Code, of the rule submitted by the Bureau of Land Management relating to Public Land Order No. 7917 for Withdrawal of Federal Lands; Cook, Lake, and Saint Louis Counties, MN.",Nay
W000788,"Williams, Nikema",Democratic,House of Representatives,5,H2025_0151,2025-06-04,H.R. 2483,SUPPORT for Patients and Communities Reauthorization Act of 2025,Nay
W000788,"Williams, Nikema",Democratic,House of Representatives,5,H2026_0056,2026-02-04,H.J.Res. 142,Disapproving the action of the District of Columbia Council in approving the D.C. Income and Franchise Tax Conformity and Revision Temporary Amendment Act of 2025.,Nay
W000788,"Williams, Nikema",Democratic,House of Representatives,5,H2026_0053,2026-02-03,H.R. 7148,"Consolidated Appropriations Act, 2026",Nay
W000788,"Williams, Nikema",Democratic,House of Representatives,5,H2026_0045,2026-01-22,H.R. 7148,"Consolidated Appropriations Act, 2026",Nay
W000788,"Williams, Nikema",Democratic,House of Representatives,5,H2026_0007,2026-01-08,H.R. 6938,"Commerce, Justice, Science; Energy and Water Development; and Interior and Environment Appropriations Act, 2026",Yea
W000788,"Williams, Nikema",Democratic,House of Representatives,5,H2026_0006,2026-01-08,H.R. 6938,"Commerce, Justice, Science; Energy and Water Development; and Interior and Environment Appropriations Act, 2026",Yea
W000788,"Williams, Nikema",Democratic,House of Representatives,5,H2026_0005,2026-01-08,H.R. 6938,"Commerce, Justice, Science; Energy and Water Development; and Interior and Environment Appropriations Act, 2026",Yea
W000788,"Williams, Nikema",Democratic,House of Representatives,5,H2025_0335,2025-12-15,S. 284,Congressional Award Program Reauthorization Act,Yea
W000788,"Williams, Nikema",Democratic,House of Representatives,5,H2025_0088,2025-04-01,H.R. 1491,Disaster Related Extension of Deadlines Act,Yea
W000788,"Williams, Nikema",Democratic,House of Representatives,5,H2025_0019,2025-01-21,H.R. 187,MAPWaters Act of 2025,Yea
W000788,"Williams, Nikema",Democratic,House of Representatives,5,H2025_0320,2025-12-10,S. 1071,National Defense Authorization Act for Fiscal Year 2026,Nay
W000788,"Williams, Nikema",Democratic,House of Representatives,5,H2025_0319,2025-12-10,S. 1071,National Defense Authorization Act for Fiscal Year 2026,Yea
W000788,"Williams, Nikema",Democratic,House of Representatives,5,H2025_0022,2025-01-22,H.R. 165,Wounded Knee Massacre Memorial and Sacred Site Act,Yea
W000788,"Williams, Nikema",Democratic,House of Representatives,5,H2025_0315,2025-12-09,S. 356,Secure Rural Schools Reauthorization Act of 2025,Yea
W000788,"Williams, Nikema",Democratic,House of Representatives,5,H2025_0295,2025-11-18,H.J.Res. 131,"Providing for congressional disapproval under chapter 8 of title 5, United States Code, of the rule submitted by the Bureau of Land Management relating to Coastal Plain Oil and Gas Leasing Program Record of Decision.",Nay
W000788,"Williams, Nikema",Democratic,House of Representatives,5,H2025_0294,2025-11-18,H.J.Res. 130,"Providing for congressional disapproval under chapter 8 of title 5, United States Code, of the rule submitted by the Bureau of Land Management relating to Buffalo Field Office Record of Decision and Approved Resource Management Plan Amendment.",Nay
W000788,"Williams, Nikema",Democratic,House of Representatives,5,H2025_0225,2025-09-03,H.J.Res. 106,"Providing for congressional disapproval under chapter 8 of title 5, United States Code, of the rule submitted by the Bureau of Land Management relating to ""Central Yukon Record of Decision and Approved Resource Management Plan"".",Nay
W000788,"Williams, Nikema",Democratic,House of Representatives,5,H2025_0226,2025-09-03,H.J.Res. 105,"Providing for congressional disapproval under chapter 8 of title 5, United States Code, of the rule submitted by the Bureau of Land Management relating to ""North Dakota Field Office Record of Decision and Approved Resource Management Plan"".",Nay
W000788,"Williams, Nikema",Democratic,House of Representatives,5,H2025_0224,2025-09-03,H.J.Res. 104,"Providing for congressional disapproval under chapter 8 of title 5, United States Code, of the rule submitted by the Bureau of Land Management relating to ""Miles City Field Office Record of Decision and Approved Resource Management Plan Amendment"".",Nay
W000788,"Williams, Nikema",Democratic,House of Representatives,5,H2025_0296,2025-11-18,S.J.Res. 80,"A joint resolution providing for congressional disapproval under chapter 8 of title 5, United States Code, of the rule submitted by the Bureau of Land Management relating to ""National Petroleum Reserve in Alaska Integrated Activity Plan Record of Decision"".",Nay
W000788,"Williams, Nikema",Democratic,House of Representatives,5,H2025_0051,2025-02-26,H.R. 695,Medal of Honor Act,Yea
W000788,"Williams, Nikema",Democratic,House of Representatives,5,H2025_0289,2025-11-18,H.R. 4405,Epstein Files Transparency Act,Yea
W000788,"Williams, Nikema",Democratic,House of Representatives,5,H2025_0200,2025-07-17,S. 1582,GENIUS Act,Nay
W000788,"Williams, Nikema",Democratic,House of Representatives,5,H2025_0285,2025-11-12,H.R. 5371,"Continuing Appropriations, Agriculture, Legislative Branch, Military Construction and Veterans Affairs, and Extensions Act, 2026",Nay
W000788,"Williams, Nikema",Democratic,House of Representatives,5,H2025_0281,2025-09-19,H.R. 5371,"Continuing Appropriations, Agriculture, Legislative Branch, Military Construction and Veterans Affairs, and Extensions Act, 2026",Nay
W000788,"Williams, Nikema",Democratic,House of Representatives,5,H2025_0280,2025-09-19,H.R. 5371,"Continuing Appropriations, Agriculture, Legislative Branch, Military Construction and Veterans Affairs, and Extensions Act, 2026",Yea
W000788,"Williams, Nikema",Democratic,House of Representatives,5,H2025_0096,2025-04-09,S.J.Res. 18,"A joint resolution disapproving the rule submitted by the Bureau of Consumer Financial Protection relating to ""Overdraft Lending: Very Large Financial Institutions"".",Nay
W000788,"Williams, Nikema",Democratic,House of Representatives,5,H2025_0166,2025-06-12,S. 331,HALT Fentanyl Act,Nay
W000788,"Williams, Nikema",Democratic,House of Representatives,5,H2025_0168,2025-06-12,H.R. 4,Rescissions Act of 2025,Nay
W000788,"Williams, Nikema",Democratic,House of Representatives,5,H2025_0167,2025-06-12,H.R. 4,Rescissions Act of 2025,Yea
W000788,"Williams, Nikema",Democratic,House of Representatives,5,H2025_0193,2025-07-14,S. 1596,Jocelyn Nungaray National Wildlife Refuge Act,Yea
W000788,"Williams, Nikema",Democratic,House of Representatives,5,H2025_0084,2025-03-31,H.R. 517,Filing Relief for Natural Disasters Act,Yea
W000788,"Williams, Nikema",Democratic,House of Representatives,5,H2025_0125,2025-05-14,H.R. 2215,Salem Maritime National Historical Park Redesignation and Boundary Study Act,Yea
W000788,"Williams, Nikema",Democratic,House of Representatives,5,H2025_0190,2025-07-03,H.R. 1,An act to provide for reconciliation pursuant to title II of H. Con. Res. 14.,Nay
W000788,"Williams, Nikema",Democratic,House of Representatives,5,H2025_0145,2025-05-22,H.R. 1,An act to provide for reconciliation pursuant to title II of H. Con. Res. 14.,Nay
W000788,"Williams, Nikema",Democratic,House of Representatives,5,H2025_0144,2025-05-22,H.R. 1,An act to provide for reconciliation pursuant to title II of H. Con. Res. 14.,Yea
W000788,"Williams, Nikema",Democratic,House of Representatives,5,H2025_0028,2025-02-04,H.R. 43,Alaska Native Village Municipal Lands Restoration Act of 2025,Yea
W000788,"Williams, Nikema",Democratic,House of Representatives,5,H2025_0137,2025-05-20,S.J.Res. 13,"A joint resolution providing for congressional disapproval under chapter 8 of title 5, United States Code, of the rule submitted by the Office of the Comptroller of the Currency of the Department of the Treasury relating to the review of applications under the Bank Merger Act.",Nay
W000788,"Williams, Nikema",Democratic,House of Representatives,5,H2025_0143,2025-05-22,S.J.Res. 31,"A joint resolution providing for congressional disapproval under chapter 8 of title 5, United States Code, of the rule submitted by the Environmental Protection Agency relating to ""Review of Final Rule Reclassification of Major Sources as Area Sources Under Section 112 of the Clean Air Act"".",Nay
W000788,"Williams, Nikema",Democratic,House of Representatives,5,H2025_0112,2025-04-30,H.J.Res. 89,"Providing congressional disapproval under chapter 8 of title 5, United States Code, of the rule submitted by the Environmental Protection Agency relating to ""California State Motor Vehicle and Engine and Nonroad Engine Pollution Control Standards; The ""Omnibus"" Low NOX Regulation; Waiver of Preemption; Notice of Decision"".",Nay
W000788,"Williams, Nikema",Democratic,House of Representatives,5,H2025_0114,2025-05-01,H.J.Res. 88,"Providing congressional disapproval under chapter 8 of title 5, United States Code, of the rule submitted by the Environmental Protection Agency relating to ""California State Motor Vehicle and Engine Pollution Control Standards; Advanced Clean Cars II; Waiver of Preemption; Notice of Decision"".",Nay
W000788,"Williams, Nikema",Democratic,House of Representatives,5,H2025_0111,2025-04-30,H.J.Res. 87,"Providing congressional disapproval under chapter 8 of title 5, United States Code, of the rule submitted by the Environmental Protection Agency relating to ""California State Motor Vehicle and Engine Pollution Control Standards; Heavy-Duty Vehicle and Engine Emission Warranty and Maintenance Provisions; Advanced Clean Trucks; Zero Emission Airport Shuttle; Zero-Emission Power Train Certification; Waiver of Preemption; Notice of Decision"".",Nay
W000788,"Williams, Nikema",Democratic,House of Representatives,5,H2025_0095,2025-04-09,S.J.Res. 28,"A joint resolution disapproving the rule submitted by the Bureau of Consumer Financial Protection relating to ""Defining Larger Participants of a Market for General-Use Digital Consumer Payment Applications"".",Nay
W000788,"Williams, Nikema",Democratic,House of Representatives,5,H2025_0058,2025-03-05,H.J.Res. 61,"Providing for congressional disapproval under chapter 8 of title 5, United States Code, of the rule submitted by the Environmental Protection Agency relating to ""National Emission Standards for Hazardous Air Pollutants: Rubber Tire Manufacturing"".",Nay
W000788,"Williams, Nikema",Democratic,House of Representatives,5,H2025_0110,2025-04-29,H.J.Res. 60,"Providing for congressional disapproval under chapter 8 of title 5, United States Code, of the rule submitted by the National Park Service relating to ""Glen Canyon National Recreation Area: Motor Vehicles"".",Nay
W000788,"Williams, Nikema",Democratic,House of Representatives,5,H2025_0104,2025-04-28,S. 146,TAKE IT DOWN Act,Yea
W000788,"Williams, Nikema",Democratic,House of Representatives,5,H2025_0078,2025-03-27,H.J.Res. 75,"Providing for congressional disapproval under chapter 8 of title 5, United States Code, of the rule submitted by the Office of Energy Efficiency and Renewable Energy, Department of Energy relating to ""Energy Conservation Program: Energy Conservation Standards for Commercial Refrigerators, Freezers, and Refrigerator-Freezers"".",Nay
W000788,"Williams, Nikema",Democratic,House of Representatives,5,H2025_0059,2025-03-05,H.J.Res. 42,"Providing for congressional disapproval under chapter 8 of title 5, United States Code, of the rule submitted by the Department of Energy relating to ""Energy Conservation Program for Appliance Standards: Certification Requirements, Labeling Requirements, and Enforcement Provisions for Certain Consumer Products and Commercial Equipment"".",Nay
W000788,"Williams, Nikema",Democratic,House of Representatives,5,H2025_0077,2025-03-27,H.J.Res. 24,"Providing for congressional disapproval under chapter 8 of title 5, United States Code, of the rule submitted by the Department of Energy relating to ""Energy Conservation Program: Energy Conservation Standards for Walk-In Coolers and Walk-In Freezers"".",Nay
W000788,"Williams, Nikema",Democratic,House of Representatives,5,H2025_0053,2025-02-27,H.J.Res. 20,"Providing for congressional disapproval under chapter 8 of title 5, United States Code, of the rule submitted by the Department of Energy relating to ""Energy Conservation Program: Energy Conservation Standards for Consumer Gas-fired Instantaneous Water Heaters"".",Nay
W000788,"Williams, Nikema",Democratic,House of Representatives,5,H2025_0071,2025-03-11,H.J.Res. 25,"Providing for congressional disapproval under chapter 8 of title 5, United States Code, of the rule submitted by the Internal Revenue Service relating to ""Gross Proceeds Reporting by Brokers That Regularly Provide Services Effectuating Digital Asset Sales"".",Nay
W000788,"Williams, Nikema",Democratic,House of Representatives,5,H2025_0052,2025-02-26,H.J.Res. 35,"Providing for congressional disapproval under chapter 8 of title 5, United States Code, of the rule submitted by the Environmental Protection Agency relating to ""Waste Emissions Charge for Petroleum and Natural Gas Systems: Procedures for Facilitating Compliance, Including Netting and Exemptions"".",Nay
W000788,"Williams, Nikema",Democratic,House of Representatives,5,H2025_0070,2025-03-11,H.R. 1968,"Full-Year Continuing Appropriations and Extensions Act, 2025",Nay
W000788,"Williams, Nikema",Democratic,House of Representatives,5,H2025_0069,2025-03-11,H.R. 1968,"Full-Year Continuing Appropriations and Extensions Act, 2025",Yea
W000788,"Williams, Nikema",Democratic,House of Representatives,5,H2025_0061,2025-03-06,S.J.Res. 11,"A joint resolution providing for congressional disapproval under chapter 8 of title 5, United States Code, of the rule submitted by the Bureau of Ocean Energy Management relating to ""Protection of Marine Archaeological Resources"".",Nay
F000485,"Fuller, Clay",Republican,House of Representatives,14,H2026_0181,2026-05-20,S. 1003,Lulu’s Law,Yea
F000485,"Fuller, Clay",Republican,House of Representatives,14,H2026_0214,2026-06-09,S. 2,Secure America Act,Yea
F000485,"Fuller, Clay",Republican,House of Representatives,14,H2026_0213,2026-06-09,S. 2,Secure America Act,Nay
F000485,"Fuller, Clay",Republican,House of Representatives,14,H2026_0224,2026-06-23,H.R. 6644,21st Century ROAD to Housing Act,Nay
F000485,"Fuller, Clay",Republican,House of Representatives,14,H2026_0223,2026-06-23,S. 629,Emergency Conservation Program Improvement Act of 2025,Yea
F000485,"Fuller, Clay",Republican,House of Representatives,14,H2026_0193,2026-06-03,S. 254,ARTIST Act,Yea
F000485,"Fuller, Clay",Republican,House of Representatives,14,H2026_0180,2026-05-20,S. 2393,Fiscal Year 2025 Veterans Affairs Major Medical Facility Authorization Act,Yea
F000485,"Fuller, Clay",Republican,House of Representatives,14,H2026_0129,2026-04-21,S. 1020,A bill to require the Federal Energy Regulatory Commission to extend the time period during which licensees are required to commence construction of certain hydropower projects.,Yea
F000485,"Fuller, Clay",Republican,House of Representatives,14,H2026_0155,2026-04-30,S. 4465,"A bill to amend the FISA Amendments Act of 2008 to extend the authorities of title VII of the Foreign Intelligence Surveillance Act of 1978, and for other purposes.",Yea
G000596,,,,,H2025_0023,2025-01-22,S. 5,Laken Riley Act,Yea
G000596,,,,,H2025_0151,2025-06-04,H.R. 2483,SUPPORT for Patients and Communities Reauthorization Act of 2025,Nay
G000596,,,,,H2025_0335,2025-12-15,S. 284,Congressional Award Program Reauthorization Act,Nay
G000596,,,,,H2025_0088,2025-04-01,H.R. 1491,Disaster Related Extension of Deadlines Act,Yea
G000596,,,,,H2025_0019,2025-01-21,H.R. 187,MAPWaters Act of 2025,Yea
G000596,,,,,H2025_0320,2025-12-10,S. 1071,National Defense Authorization Act for Fiscal Year 2026,Nay
G000596,,,,,H2025_0319,2025-12-10,S. 1071,National Defense Authorization Act for Fiscal Year 2026,Nay
G000596,,,,,H2025_0022,2025-01-22,H.R. 165,Wounded Knee Massacre Memorial and Sacred Site Act,Yea
G000596,,,,,H2025_0315,2025-12-09,S. 356,Secure Rural Schools Reauthorization Act of 2025,Yea
G000596,,,,,H2025_0295,2025-11-18,H.J.Res. 131,"Providing for congressional disapproval under chapter 8 of title 5, United States Code, of the rule submitted by the Bureau of Land Management relating to Coastal Plain Oil and Gas Leasing Program Record of Decision.",Yea
G000596,,,,,H2025_0294,2025-11-18,H.J.Res. 130,"Providing for congressional disapproval under chapter 8 of title 5, United States Code, of the rule submitted by the Bureau of Land Management relating to Buffalo Field Office Record of Decision and Approved Resource Management Plan Amendment.",Yea
G000596,,,,,H2025_0225,2025-09-03,H.J.Res. 106,"Providing for congressional disapproval under chapter 8 of title 5, United States Code, of the rule submitted by the Bureau of Land Management relating to ""Central Yukon Record of Decision and Approved Resource Management Plan"".",Yea
G000596,,,,,H2025_0226,2025-09-03,H.J.Res. 105,"Providing for congressional disapproval under chapter 8 of title 5, United States Code, of the rule submitted by the Bureau of Land Management relating to ""North Dakota Field Office Record of Decision and Approved Resource Management Plan"".",Yea
G000596,,,,,H2025_0224,2025-09-03,H.J.Res. 104,"Providing for congressional disapproval under chapter 8 of title 5, United States Code, of the rule submitted by the Bureau of Land Management relating to ""Miles City Field Office Record of Decision and Approved Resource Management Plan Amendment"".",Yea
G000596,,,,,H2025_0296,2025-11-18,S.J.Res. 80,"A joint resolution providing for congressional disapproval under chapter 8 of title 5, United States Code, of the rule submitted by the Bureau of Land Management relating to ""National Petroleum Reserve in Alaska Integrated Activity Plan Record of Decision"".",Yea
G000596,,,,,H2025_0051,2025-02-26,H.R. 695,Medal of Honor Act,Yea
G000596,,,,,H2025_0289,2025-11-18,H.R. 4405,Epstein Files Transparency Act,Yea
G000596,,,,,H2025_0200,2025-07-17,S. 1582,GENIUS Act,Nay
G000596,,,,,H2025_0285,2025-11-12,H.R. 5371,"Continuing Appropriations, Agriculture, Legislative Branch, Military Construction and Veterans Affairs, and Extensions Act, 2026",Yea
G000596,,,,,H2025_0281,2025-09-19,H.R. 5371,"Continuing Appropriations, Agriculture, Legislative Branch, Military Construction and Veterans Affairs, and Extensions Act, 2026",Yea
G000596,,,,,H2025_0280,2025-09-19,H.R. 5371,"Continuing Appropriations, Agriculture, Legislative Branch, Military Construction and Veterans Affairs, and Extensions Act, 2026",Nay
G000596,,,,,H2025_0096,2025-04-09,S.J.Res. 18,"A joint resolution disapproving the rule submitted by the Bureau of Consumer Financial Protection relating to ""Overdraft Lending: Very Large Financial Institutions"".",Yea
G000596,,,,,H2025_0166,2025-06-12,S. 331,HALT Fentanyl Act,Yea
G000596,,,,,H2025_0168,2025-06-12,H.R. 4,Rescissions Act of 2025,Yea
G000596,,,,,H2025_0167,2025-06-12,H.R. 4,Rescissions Act of 2025,Nay
G000596,,,,,H2025_0193,2025-07-14,S. 1596,Jocelyn Nungaray National Wildlife Refuge Act,Yea
G000596,,,,,H2025_0084,2025-03-31,H.R. 517,Filing Relief for Natural Disasters Act,Not Voting
G000596,,,,,H2025_0125,2025-05-14,H.R. 2215,Salem Maritime National Historical Park Redesignation and Boundary Study Act,Nay
G000596,,,,,H2025_0190,2025-07-03,H.R. 1,An act to provide for reconciliation pursuant to title II of H. Con. Res. 14.,Yea
G000596,,,,,H2025_0145,2025-05-22,H.R. 1,An act to provide for reconciliation pursuant to title II of H. Con. Res. 14.,Yea
G000596,,,,,H2025_0144,2025-05-22,H.R. 1,An act to provide for reconciliation pursuant to title II of H. Con. Res. 14.,Nay
G000596,,,,,H2025_0028,2025-02-04,H.R. 43,Alaska Native Village Municipal Lands Restoration Act of 2025,Yea
G000596,,,,,H2025_0137,2025-05-20,S.J.Res. 13,"A joint resolution providing for congressional disapproval under chapter 8 of title 5, United States Code, of the rule submitted by the Office of the Comptroller of the Currency of the Department of the Treasury relating to the review of applications under the Bank Merger Act.",Yea
G000596,,,,,H2025_0143,2025-05-22,S.J.Res. 31,"A joint resolution providing for congressional disapproval under chapter 8 of title 5, United States Code, of the rule submitted by the Environmental Protection Agency relating to ""Review of Final Rule Reclassification of Major Sources as Area Sources Under Section 112 of the Clean Air Act"".",Yea
G000596,,,,,H2025_0112,2025-04-30,H.J.Res. 89,"Providing congressional disapproval under chapter 8 of title 5, United States Code, of the rule submitted by the Environmental Protection Agency relating to ""California State Motor Vehicle and Engine and Nonroad Engine Pollution Control Standards; The ""Omnibus"" Low NOX Regulation; Waiver of Preemption; Notice of Decision"".",Yea
G000596,,,,,H2025_0114,2025-05-01,H.J.Res. 88,"Providing congressional disapproval under chapter 8 of title 5, United States Code, of the rule submitted by the Environmental Protection Agency relating to ""California State Motor Vehicle and Engine Pollution Control Standards; Advanced Clean Cars II; Waiver of Preemption; Notice of Decision"".",Yea
G000596,,,,,H2025_0111,2025-04-30,H.J.Res. 87,"Providing congressional disapproval under chapter 8 of title 5, United States Code, of the rule submitted by the Environmental Protection Agency relating to ""California State Motor Vehicle and Engine Pollution Control Standards; Heavy-Duty Vehicle and Engine Emission Warranty and Maintenance Provisions; Advanced Clean Trucks; Zero Emission Airport Shuttle; Zero-Emission Power Train Certification; Waiver of Preemption; Notice of Decision"".",Yea
G000596,,,,,H2025_0095,2025-04-09,S.J.Res. 28,"A joint resolution disapproving the rule submitted by the Bureau of Consumer Financial Protection relating to ""Defining Larger Participants of a Market for General-Use Digital Consumer Payment Applications"".",Yea
G000596,,,,,H2025_0058,2025-03-05,H.J.Res. 61,"Providing for congressional disapproval under chapter 8 of title 5, United States Code, of the rule submitted by the Environmental Protection Agency relating to ""National Emission Standards for Hazardous Air Pollutants: Rubber Tire Manufacturing"".",Yea
G000596,,,,,H2025_0110,2025-04-29,H.J.Res. 60,"Providing for congressional disapproval under chapter 8 of title 5, United States Code, of the rule submitted by the National Park Service relating to ""Glen Canyon National Recreation Area: Motor Vehicles"".",Yea
G000596,,,,,H2025_0104,2025-04-28,S. 146,TAKE IT DOWN Act,Yea
G000596,,,,,H2025_0078,2025-03-27,H.J.Res. 75,"Providing for congressional disapproval under chapter 8 of title 5, United States Code, of the rule submitted by the Office of Energy Efficiency and Renewable Energy, Department of Energy relating to ""Energy Conservation Program: Energy Conservation Standards for Commercial Refrigerators, Freezers, and Refrigerator-Freezers"".",Yea
G000596,,,,,H2025_0059,2025-03-05,H.J.Res. 42,"Providing for congressional disapproval under chapter 8 of title 5, United States Code, of the rule submitted by the Department of Energy relating to ""Energy Conservation Program for Appliance Standards: Certification Requirements, Labeling Requirements, and Enforcement Provisions for Certain Consumer Products and Commercial Equipment"".",Yea
G000596,,,,,H2025_0077,2025-03-27,H.J.Res. 24,"Providing for congressional disapproval under chapter 8 of title 5, United States Code, of the rule submitted by the Department of Energy relating to ""Energy Conservation Program: Energy Conservation Standards for Walk-In Coolers and Walk-In Freezers"".",Yea
G000596,,,,,H2025_0053,2025-02-27,H.J.Res. 20,"Providing for congressional disapproval under chapter 8 of title 5, United States Code, of the rule submitted by the Department of Energy relating to ""Energy Conservation Program: Energy Conservation Standards for Consumer Gas-fired Instantaneous Water Heaters"".",Yea
G000596,,,,,H2025_0071,2025-03-11,H.J.Res. 25,"Providing for congressional disapproval under chapter 8 of title 5, United States Code, of the rule submitted by the Internal Revenue Service relating to ""Gross Proceeds Reporting by Brokers That Regularly Provide Services Effectuating Digital Asset Sales"".",Yea
G000596,,,,,H2025_0052,2025-02-26,H.J.Res. 35,"Providing for congressional disapproval under chapter 8 of title 5, United States Code, of the rule submitted by the Environmental Protection Agency relating to ""Waste Emissions Charge for Petroleum and Natural Gas Systems: Procedures for Facilitating Compliance, Including Netting and Exemptions"".",Yea
G000596,,,,,H2025_0070,2025-03-11,H.R. 1968,"Full-Year Continuing Appropriations and Extensions Act, 2025",Yea
G000596,,,,,H2025_0069,2025-03-11,H.R. 1968,"Full-Year Continuing Appropriations and Extensions Act, 2025",Nay
G000596,,,,,H2025_0061,2025-03-06,S.J.Res. 11,"A joint resolution providing for congressional disapproval under chapter 8 of title 5, United States Code, of the rule submitted by the Bureau of Ocean Energy Management relating to ""Protection of Marine Archaeological Resources"".",Yea
O000174,"Ossoff, Jon",Democratic,Senate,,S119_1_00007,2025-01-20,S. 5,Laken Riley Act,Yea
O000174,"Ossoff, Jon",Democratic,Senate,,S119_1_00005,2025-01-17,S. 5,Laken Riley Act,Yea
O000174,"Ossoff, Jon",Democratic,Senate,,S119_1_00002,2025-01-13,S. 5,Laken Riley Act,Yea
O000174,"Ossoff, Jon",Democratic,Senate,,S119_1_00001,2025-01-09,S. 5,Laken Riley Act,Yea
O000174,"Ossoff, Jon",Democratic,Senate,,S119_2_00163,2026-06-05,S. 2,Secure America Act,Nay
O000174,"Ossoff, Jon",Democratic,Senate,,S119_2_00153,2026-06-05,S. 2,Secure America Act,Yea
O000174,"Ossoff, Jon",Democratic,Senate,,S119_2_00147,2026-06-04,S. 2,Secure America Act,Yea
O000174,"Ossoff, Jon",Democratic,Senate,,S119_2_00141,2026-06-04,S. 2,Secure America Act,Yea
O000174,"Ossoff, Jon",Democratic,Senate,,S119_2_00137,2026-06-04,S. 2,Secure America Act,Yea
O000174,"Ossoff, Jon",Democratic,Senate,,S119_2_00136,2026-06-03,S. 2,Secure America Act,Nay
O000174,"Ossoff, Jon",Democratic,Senate,,S119_2_00182,2026-06-22,H.R. 6644,21st Century ROAD to Housing Act,Yea
O000174,"Ossoff, Jon",Democratic,Senate,,S119_2_00180,2026-06-18,H.R. 6644,21st Century ROAD to Housing Act,Yea
O000174,"Ossoff, Jon",Democratic,Senate,,S119_2_00175,2026-06-16,H.R. 6644,21st Century ROAD to Housing Act,Yea
O000174,"Ossoff, Jon",Democratic,Senate,,S119_2_00053,2026-03-12,H.R. 6644,21st Century ROAD to Housing Act,Yea
O000174,"Ossoff, Jon",Democratic,Senate,,S119_2_00052,2026-03-11,H.R. 6644,21st Century ROAD to Housing Act,Yea
O000174,"Ossoff, Jon",Democratic,Senate,,S119_2_00045,2026-03-04,H.R. 6644,21st Century ROAD to Housing Act,Yea
O000174,"Ossoff, Jon",Democratic,Senate,,S119_2_00044,2026-03-02,H.R. 6644,21st Century ROAD to Housing Act,Yea
O000174,"Ossoff, Jon",Democratic,Senate,,S119_2_00074,2026-03-26,H.R. 7147,"Homeland Security and Further Additional Continuing Appropriations Act, 2026.",Nay
O000174,"Ossoff, Jon",Democratic,Senate,,S119_2_00071,2026-03-25,H.R. 7147,"Homeland Security and Further Additional Continuing Appropriations Act, 2026.",Nay
O000174,"Ossoff, Jon",Democratic,Senate,,S119_2_00059,2026-03-20,H.R. 7147,"Homeland Security and Further Additional Continuing Appropriations Act, 2026.",Nay
O000174,"Ossoff, Jon",Democratic,Senate,,S119_2_00054,2026-03-12,H.R. 7147,"Homeland Security and Further Additional Continuing Appropriations Act, 2026.",Nay
O000174,"Ossoff, Jon",Democratic,Senate,,S119_2_00047,2026-03-05,H.R. 7147,"Homeland Security and Further Additional Continuing Appropriations Act, 2026.",Nay
O000174,"Ossoff, Jon",Democratic,Senate,,S119_2_00039,2026-02-24,H.R. 7147,"Homeland Security and Further Additional Continuing Appropriations Act, 2026.",Nay
O000174,"Ossoff, Jon",Democratic,Senate,,S119_2_00038,2026-02-12,H.R. 7147,"Homeland Security and Further Additional Continuing Appropriations Act, 2026.",Nay
O000174,"Ossoff, Jon",Democratic,Senate,,S119_2_00084,2026-04-16,H.J.Res. 140,"Providing for congressional disapproval under chapter 8 of title 5, United States Code, of the rule submitted by the Bureau of Land Management relating to Public Land Order No. 7917 for Withdrawal of Federal Lands; Cook, Lake, and Saint Louis Counties, MN.",Nay
O000174,"Ossoff, Jon",Democratic,Senate,,S119_2_00083,2026-04-15,H.J.Res. 140,"Providing for congressional disapproval under chapter 8 of title 5, United States Code, of the rule submitted by the Bureau of Land Management relating to Public Land Order No. 7917 for Withdrawal of Federal Lands; Cook, Lake, and Saint Louis Counties, MN.",Nay
O000174,"Ossoff, Jon",Democratic,Senate,,S119_2_00082,2026-04-15,H.J.Res. 140,"Providing for congressional disapproval under chapter 8 of title 5, United States Code, of the rule submitted by the Bureau of Land Management relating to Public Land Order No. 7917 for Withdrawal of Federal Lands; Cook, Lake, and Saint Louis Counties, MN.",Nay
O000174,"Ossoff, Jon",Democratic,Senate,,S119_2_00037,2026-02-12,H.J.Res. 142,Disapproving the action of the District of Columbia Council in approving the D.C. Income and Franchise Tax Conformity and Revision Temporary Amendment Act of 2025.,Nay
O000174,"Ossoff, Jon",Democratic,Senate,,S119_2_00036,2026-02-11,H.J.Res. 142,Disapproving the action of the District of Columbia Council in approving the D.C. Income and Franchise Tax Conformity and Revision Temporary Amendment Act of 2025.,Nay
O000174,"Ossoff, Jon",Democratic,Senate,,S119_2_00020,2026-01-30,H.R. 7148,"Consolidated Appropriations Act, 2026",Yea
O000174,"Ossoff, Jon",Democratic,Senate,,S119_2_00013,2026-01-29,H.R. 7148,"Consolidated Appropriations Act, 2026",Nay
O000174,"Ossoff, Jon",Democratic,Senate,,S119_2_00011,2026-01-15,H.R. 6938,"Commerce, Justice, Science; Energy and Water Development; and Interior and Environment Appropriations Act, 2026",Yea
O000174,"Ossoff, Jon",Democratic,Senate,,S119_2_00010,2026-01-15,H.R. 6938,"Commerce, Justice, Science; Energy and Water Development; and Interior and Environment Appropriations Act, 2026",Yea
O000174,"Ossoff, Jon",Democratic,Senate,,S119_2_00007,2026-01-12,H.R. 6938,"Commerce, Justice, Science; Energy and Water Development; and Interior and Environment Appropriations Act, 2026",Yea
O000174,"Ossoff, Jon",Democratic,Senate,,S119_1_00648,2025-12-17,S. 1071,National Defense Authorization Act for Fiscal Year 2026,Yea
O000174,"Ossoff, Jon",Democratic,Senate,,S119_1_00647,2025-12-15,S. 1071,National Defense Authorization Act for Fiscal Year 2026,Yea
O000174,"Ossoff, Jon",Democratic,Senate,,S119_1_00646,2025-12-11,S. 1071,National Defense Authorization Act for Fiscal Year 2026,Yea
O000174,"Ossoff, Jon",Democratic,Senate,,S119_1_00632,2025-12-04,H.J.Res. 131,"Providing for congressional disapproval under chapter 8 of title 5, United States Code, of the rule submitted by the Bureau of Land Management relating to Coastal Plain Oil and Gas Leasing Program Record of Decision.",Nay
O000174,"Ossoff, Jon",Democratic,Senate,,S119_1_00623,2025-11-20,H.J.Res. 130,"Providing for congressional disapproval under chapter 8 of title 5, United States Code, of the rule submitted by the Bureau of Land Management relating to Buffalo Field Office Record of Decision and Approved Resource Management Plan Amendment.",Nay
O000174,"Ossoff, Jon",Democratic,Senate,,S119_1_00560,2025-10-09,H.J.Res. 106,"Providing for congressional disapproval under chapter 8 of title 5, United States Code, of the rule submitted by the Bureau of Land Management relating to ""Central Yukon Record of Decision and Approved Resource Management Plan"".",Nay
O000174,"Ossoff, Jon",Democratic,Senate,,S119_1_00559,2025-10-09,H.J.Res. 106,"Providing for congressional disapproval under chapter 8 of title 5, United States Code, of the rule submitted by the Bureau of Land Management relating to ""Central Yukon Record of Decision and Approved Resource Management Plan"".",Nay
O000174,"Ossoff, Jon",Democratic,Senate,,S119_1_00556,2025-10-08,H.J.Res. 105,"Providing for congressional disapproval under chapter 8 of title 5, United States Code, of the rule submitted by the Bureau of Land Management relating to ""North Dakota Field Office Record of Decision and Approved Resource Management Plan"".",Nay
O000174,"Ossoff, Jon",Democratic,Senate,,S119_1_00553,2025-10-08,H.J.Res. 105,"Providing for congressional disapproval under chapter 8 of title 5, United States Code, of the rule submitted by the Bureau of Land Management relating to ""North Dakota Field Office Record of Decision and Approved Resource Management Plan"".",Nay
O000174,"Ossoff, Jon",Democratic,Senate,,S119_1_00549,2025-10-08,H.J.Res. 104,"Providing for congressional disapproval under chapter 8 of title 5, United States Code, of the rule submitted by the Bureau of Land Management relating to ""Miles City Field Office Record of Decision and Approved Resource Management Plan Amendment"".",Nay
O000174,"Ossoff, Jon",Democratic,Senate,,S119_1_00548,2025-10-07,H.J.Res. 104,"Providing for congressional disapproval under chapter 8 of title 5, United States Code, of the rule submitted by the Bureau of Land Management relating to ""Miles City Field Office Record of Decision and Approved Resource Management Plan Amendment"".",Nay
O000174,"Ossoff, Jon",Democratic,Senate,,S119_1_00599,2025-10-30,S.J.Res. 80,"A joint resolution providing for congressional disapproval under chapter 8 of title 5, United States Code, of the rule submitted by the Bureau of Land Management relating to ""National Petroleum Reserve in Alaska Integrated Activity Plan Record of Decision"".",Nay
O000174,"Ossoff, Jon",Democratic,Senate,,S119_1_00595,2025-10-29,S.J.Res. 80,"A joint resolution providing for congressional disapproval under chapter 8 of title 5, United States Code, of the rule submitted by the Bureau of Land Management relating to ""National Petroleum Reserve in Alaska Integrated Activity Plan Record of Decision"".",Nay
O000174,"Ossoff, Jon",Democratic,Senate,,S119_1_00318,2025-06-17,S. 1582,GENIUS Act,Yea
O000174,"Ossoff, Jon",Democratic,Senate,,S119_1_00312,2025-06-12,S. 1582,GENIUS Act,Not Voting
O000174,"Ossoff, Jon",Democratic,Senate,,S119_1_00263,2025-05-21,S. 1582,GENIUS Act,Yea
O000174,"Ossoff, Jon",Democratic,Senate,,S119_1_00262,2025-05-19,S. 1582,GENIUS Act,Yea
O000174,"Ossoff, Jon",Democratic,Senate,,S119_1_00240,2025-05-08,S. 1582,GENIUS Act,Nay
O000174,"Ossoff, Jon",Democratic,Senate,,S119_1_00618,2025-11-10,H.R. 5371,"Continuing Appropriations, Agriculture, Legislative Branch, Military Construction and Veterans Affairs, and Extensions Act, 2026",Nay
O000174,"Ossoff, Jon",Democratic,Senate,,S119_1_00617,2025-11-10,H.R. 5371,"Continuing Appropriations, Agriculture, Legislative Branch, Military Construction and Veterans Affairs, and Extensions Act, 2026",Nay
O000174,"Ossoff, Jon",Democratic,Senate,,S119_1_00611,2025-11-10,H.R. 5371,"Continuing Appropriations, Agriculture, Legislative Branch, Military Construction and Veterans Affairs, and Extensions Act, 2026",Nay
O000174,"Ossoff, Jon",Democratic,Senate,,S119_1_00610,2025-11-09,H.R. 5371,"Continuing Appropriations, Agriculture, Legislative Branch, Military Construction and Veterans Affairs, and Extensions Act, 2026",Nay
O000174,"Ossoff, Jon",Democratic,Senate,,S119_1_00603,2025-11-04,H.R. 5371,"Continuing Appropriations, Agriculture, Legislative Branch, Military Construction and Veterans Affairs, and Extensions Act, 2026",Nay
O000174,"Ossoff, Jon",Democratic,Senate,,S119_1_00590,2025-10-28,H.R. 5371,"Continuing Appropriations, Agriculture, Legislative Branch, Military Construction and Veterans Affairs, and Extensions Act, 2026",Nay
O000174,"Ossoff, Jon",Democratic,Senate,,S119_1_00581,2025-10-22,H.R. 5371,"Continuing Appropriations, Agriculture, Legislative Branch, Military Construction and Veterans Affairs, and Extensions Act, 2026",Nay
O000174,"Ossoff, Jon",Democratic,Senate,,S119_1_00576,2025-10-20,H.R. 5371,"Continuing Appropriations, Agriculture, Legislative Branch, Military Construction and Veterans Affairs, and Extensions Act, 2026",Nay
O000174,"Ossoff, Jon",Democratic,Senate,,S119_1_00573,2025-10-16,H.R. 5371,"Continuing Appropriations, Agriculture, Legislative Branch, Military Construction and Veterans Affairs, and Extensions Act, 2026",Nay
O000174,"Ossoff, Jon",Democratic,Senate,,S119_1_00572,2025-10-15,H.R. 5371,"Continuing Appropriations, Agriculture, Legislative Branch, Military Construction and Veterans Affairs, and Extensions Act, 2026",Nay
O000174,"Ossoff, Jon",Democratic,Senate,,S119_1_00571,2025-10-14,H.R. 5371,"Continuing Appropriations, Agriculture, Legislative Branch, Military Construction and Veterans Affairs, and Extensions Act, 2026",Nay
O000174,"Ossoff, Jon",Democratic,Senate,,S119_1_00558,2025-10-09,H.R. 5371,"Continuing Appropriations, Agriculture, Legislative Branch, Military Construction and Veterans Affairs, and Extensions Act, 2026",Nay
O000174,"Ossoff, Jon",Democratic,Senate,,S119_1_00551,2025-10-08,H.R. 5371,"Continuing Appropriations, Agriculture, Legislative Branch, Military Construction and Veterans Affairs, and Extensions Act, 2026",Nay
O000174,"Ossoff, Jon",Democratic,Senate,,S119_1_00545,2025-10-06,H.R. 5371,"Continuing Appropriations, Agriculture, Legislative Branch, Military Construction and Veterans Affairs, and Extensions Act, 2026",Nay
O000174,"Ossoff, Jon",Democratic,Senate,,S119_1_00543,2025-10-03,H.R. 5371,"Continuing Appropriations, Agriculture, Legislative Branch, Military Construction and Veterans Affairs, and Extensions Act, 2026",Nay
O000174,"Ossoff, Jon",Democratic,Senate,,S119_1_00537,2025-10-01,H.R. 5371,"Continuing Appropriations, Agriculture, Legislative Branch, Military Construction and Veterans Affairs, and Extensions Act, 2026",Nay
O000174,"Ossoff, Jon",Democratic,Senate,,S119_1_00535,2025-09-30,H.R. 5371,"Continuing Appropriations, Agriculture, Legislative Branch, Military Construction and Veterans Affairs, and Extensions Act, 2026",Nay
O000174,"Ossoff, Jon",Democratic,Senate,,S119_1_00528,2025-09-19,H.R. 5371,"Continuing Appropriations, Agriculture, Legislative Branch, Military Construction and Veterans Affairs, and Extensions Act, 2026",Nay
O000174,"Ossoff, Jon",Democratic,Senate,,S119_1_00153,2025-03-27,S.J.Res. 18,"A joint resolution disapproving the rule submitted by the Bureau of Consumer Financial Protection relating to ""Overdraft Lending: Very Large Financial Institutions"".",Nay
O000174,"Ossoff, Jon",Democratic,Senate,,S119_1_00152,2025-03-26,S.J.Res. 18,"A joint resolution disapproving the rule submitted by the Bureau of Consumer Financial Protection relating to ""Overdraft Lending: Very Large Financial Institutions"".",Nay
O000174,"Ossoff, Jon",Democratic,Senate,,S119_1_00127,2025-03-14,S. 331,HALT Fentanyl Act,Yea
O000174,"Ossoff, Jon",Democratic,Senate,,S119_1_00124,2025-03-13,S. 331,HALT Fentanyl Act,Yea
O000174,"Ossoff, Jon",Democratic,Senate,,S119_1_00110,2025-03-06,S. 331,HALT Fentanyl Act,Yea
O000174,"Ossoff, Jon",Democratic,Senate,,S119_1_00411,2025-07-17,H.R. 4,Rescissions Act of 2025,Nay
O000174,"Ossoff, Jon",Democratic,Senate,,S119_1_00403,2025-07-16,H.R. 4,Rescissions Act of 2025,Yea
O000174,"Ossoff, Jon",Democratic,Senate,,S119_1_00401,2025-07-16,H.R. 4,Rescissions Act of 2025,Yea
O000174,"Ossoff, Jon",Democratic,Senate,,S119_1_00399,2025-07-16,H.R. 4,Rescissions Act of 2025,Yea
O000174,"Ossoff, Jon",Democratic,Senate,,S119_1_00398,2025-07-16,H.R. 4,Rescissions Act of 2025,Yea
O000174,"Ossoff, Jon",Democratic,Senate,,S119_1_00396,2025-07-16,H.R. 4,Rescissions Act of 2025,Yea
O000174,"Ossoff, Jon",Democratic,Senate,,S119_1_00395,2025-07-16,H.R. 4,Rescissions Act of 2025,Yea
O000174,"Ossoff, Jon",Democratic,Senate,,S119_1_00394,2025-07-16,H.R. 4,Rescissions Act of 2025,Yea
O000174,"Ossoff, Jon",Democratic,Senate,,S119_1_00392,2025-07-15,H.R. 4,Rescissions Act of 2025,Nay
O000174,"Ossoff, Jon",Democratic,Senate,,S119_1_00391,2025-07-15,H.R. 4,Rescissions Act of 2025,Nay
O000174,"Ossoff, Jon",Democratic,Senate,,S119_1_00372,2025-07-01,H.R. 1,An act to provide for reconciliation pursuant to title II of H. Con. Res. 14.,Nay
O000174,"Ossoff, Jon",Democratic,Senate,,S119_1_00359,2025-07-01,H.R. 1,An act to provide for reconciliation pursuant to title II of H. Con. Res. 14.,Yea
O000174,"Ossoff, Jon",Democratic,Senate,,S119_1_00357,2025-07-01,H.R. 1,An act to provide for reconciliation pursuant to title II of H. Con. Res. 14.,Yea
O000174,"Ossoff, Jon",Democratic,Senate,,S119_1_00354,2025-07-01,H.R. 1,An act to provide for reconciliation pursuant to title II of H. Con. Res. 14.,Yea
O000174,"Ossoff, Jon",Democratic,Senate,,S119_1_00353,2025-06-30,H.R. 1,An act to provide for reconciliation pursuant to title II of H. Con. Res. 14.,Yea
O000174,"Ossoff, Jon",Democratic,Senate,,S119_1_00351,2025-06-30,H.R. 1,An act to provide for reconciliation pursuant to title II of H. Con. Res. 14.,Yea
O000174,"Ossoff, Jon",Democratic,Senate,,S119_1_00350,2025-06-30,H.R. 1,An act to provide for reconciliation pursuant to title II of H. Con. Res. 14.,Yea
O000174,"Ossoff, Jon",Democratic,Senate,,S119_1_00349,2025-06-30,H.R. 1,An act to provide for reconciliation pursuant to title II of H. Con. Res. 14.,Yea
O000174,"Ossoff, Jon",Democratic,Senate,,S119_1_00348,2025-06-30,H.R. 1,An act to provide for reconciliation pursuant to title II of H. Con. Res. 14.,Yea
O000174,"Ossoff, Jon",Democratic,Senate,,S119_1_00347,2025-06-30,H.R. 1,An act to provide for reconciliation pursuant to title II of H. Con. Res. 14.,Yea
O000174,"Ossoff, Jon",Democratic,Senate,,S119_1_00346,2025-06-30,H.R. 1,An act to provide for reconciliation pursuant to title II of H. Con. Res. 14.,Yea
O000174,"Ossoff, Jon",Democratic,Senate,,S119_1_00340,2025-06-30,H.R. 1,An act to provide for reconciliation pursuant to title II of H. Con. Res. 14.,Yea
O000174,"Ossoff, Jon",Democratic,Senate,,S119_1_00338,2025-06-30,H.R. 1,An act to provide for reconciliation pursuant to title II of H. Con. Res. 14.,Yea
O000174,"Ossoff, Jon",Democratic,Senate,,S119_1_00337,2025-06-30,H.R. 1,An act to provide for reconciliation pursuant to title II of H. Con. Res. 14.,Yea
O000174,"Ossoff, Jon",Democratic,Senate,,S119_1_00336,2025-06-30,H.R. 1,An act to provide for reconciliation pursuant to title II of H. Con. Res. 14.,Yea
O000174,"Ossoff, Jon",Democratic,Senate,,S119_1_00335,2025-06-30,H.R. 1,An act to provide for reconciliation pursuant to title II of H. Con. Res. 14.,Yea
O000174,"Ossoff, Jon",Democratic,Senate,,S119_1_00334,2025-06-30,H.R. 1,An act to provide for reconciliation pursuant to title II of H. Con. Res. 14.,Nay
O000174,"Ossoff, Jon",Democratic,Senate,,S119_1_00333,2025-06-30,H.R. 1,An act to provide for reconciliation pursuant to title II of H. Con. Res. 14.,Yea
O000174,"Ossoff, Jon",Democratic,Senate,,S119_1_00332,2025-06-30,H.R. 1,An act to provide for reconciliation pursuant to title II of H. Con. Res. 14.,Yea
O000174,"Ossoff, Jon",Democratic,Senate,,S119_1_00329,2025-06-28,H.R. 1,An act to provide for reconciliation pursuant to title II of H. Con. Res. 14.,Nay
O000174,"Ossoff, Jon",Democratic,Senate,,S119_1_00237,2025-05-07,S.J.Res. 13,"A joint resolution providing for congressional disapproval under chapter 8 of title 5, United States Code, of the rule submitted by the Office of the Comptroller of the Currency of the Department of the Treasury relating to the review of applications under the Bank Merger Act.",Nay
O000174,"Ossoff, Jon",Democratic,Senate,,S119_1_00233,2025-05-06,S.J.Res. 13,"A joint resolution providing for congressional disapproval under chapter 8 of title 5, United States Code, of the rule submitted by the Office of the Comptroller of the Currency of the Department of the Treasury relating to the review of applications under the Bank Merger Act.",Nay
O000174,"Ossoff, Jon",Democratic,Senate,,S119_1_00229,2025-05-01,S.J.Res. 31,"A joint resolution providing for congressional disapproval under chapter 8 of title 5, United States Code, of the rule submitted by the Environmental Protection Agency relating to ""Review of Final Rule Reclassification of Major Sources as Area Sources Under Section 112 of the Clean Air Act"".",Nay
O000174,"Ossoff, Jon",Democratic,Senate,,S119_1_00227,2025-04-30,S.J.Res. 31,"A joint resolution providing for congressional disapproval under chapter 8 of title 5, United States Code, of the rule submitted by the Environmental Protection Agency relating to ""Review of Final Rule Reclassification of Major Sources as Area Sources Under Section 112 of the Clean Air Act"".",Nay
O000174,"Ossoff, Jon",Democratic,Senate,,S119_1_00281,2025-05-22,H.J.Res. 89,"Providing congressional disapproval under chapter 8 of title 5, United States Code, of the rule submitted by the Environmental Protection Agency relating to ""California State Motor Vehicle and Engine and Nonroad Engine Pollution Control Standards; The ""Omnibus"" Low NOX Regulation; Waiver of Preemption; Notice of Decision"".",Nay
O000174,"Ossoff, Jon",Democratic,Senate,,S119_1_00280,2025-05-22,H.J.Res. 89,"Providing congressional disapproval under chapter 8 of title 5, United States Code, of the rule submitted by the Environmental Protection Agency relating to ""California State Motor Vehicle and Engine and Nonroad Engine Pollution Control Standards; The ""Omnibus"" Low NOX Regulation; Waiver of Preemption; Notice of Decision"".",Nay
O000174,"Ossoff, Jon",Democratic,Senate,,S119_1_00277,2025-05-22,H.J.Res. 88,"Providing congressional disapproval under chapter 8 of title 5, United States Code, of the rule submitted by the Environmental Protection Agency relating to ""California State Motor Vehicle and Engine Pollution Control Standards; Advanced Clean Cars II; Waiver of Preemption; Notice of Decision"".",Nay
O000174,"Ossoff, Jon",Democratic,Senate,,S119_1_00276,2025-05-21,H.J.Res. 88,"Providing congressional disapproval under chapter 8 of title 5, United States Code, of the rule submitted by the Environmental Protection Agency relating to ""California State Motor Vehicle and Engine Pollution Control Standards; Advanced Clean Cars II; Waiver of Preemption; Notice of Decision"".",Nay
O000174,"Ossoff, Jon",Democratic,Senate,,S119_1_00279,2025-05-22,H.J.Res. 87,"Providing congressional disapproval under chapter 8 of title 5, United States Code, of the rule submitted by the Environmental Protection Agency relating to ""California State Motor Vehicle and Engine Pollution Control Standards; Heavy-Duty Vehicle and Engine Emission Warranty and Maintenance Provisions; Advanced Clean Trucks; Zero Emission Airport Shuttle; Zero-Emission Power Train Certification; Waiver of Preemption; Notice of Decision"".",Nay
O000174,"Ossoff, Jon",Democratic,Senate,,S119_1_00278,2025-05-22,H.J.Res. 87,"Providing congressional disapproval under chapter 8 of title 5, United States Code, of the rule submitted by the Environmental Protection Agency relating to ""California State Motor Vehicle and Engine Pollution Control Standards; Heavy-Duty Vehicle and Engine Emission Warranty and Maintenance Provisions; Advanced Clean Trucks; Zero Emission Airport Shuttle; Zero-Emission Power Train Certification; Waiver of Preemption; Notice of Decision"".",Nay
O000174,"Ossoff, Jon",Democratic,Senate,,S119_1_00106,2025-03-05,S.J.Res. 28,"A joint resolution disapproving the rule submitted by the Bureau of Consumer Financial Protection relating to ""Defining Larger Participants of a Market for General-Use Digital Consumer Payment Applications"".",Nay
O000174,"Ossoff, Jon",Democratic,Senate,,S119_1_00103,2025-03-04,S.J.Res. 28,"A joint resolution disapproving the rule submitted by the Bureau of Consumer Financial Protection relating to ""Defining Larger Participants of a Market for General-Use Digital Consumer Payment Applications"".",Nay
O000174,"Ossoff, Jon",Democratic,Senate,,S119_1_00232,2025-05-06,H.J.Res. 61,"Providing for congressional disapproval under chapter 8 of title 5, United States Code, of the rule submitted by the Environmental Protection Agency relating to ""National Emission Standards for Hazardous Air Pollutants: Rubber Tire Manufacturing"".",Nay
O000174,"Ossoff, Jon",Democratic,Senate,,S119_1_00231,2025-05-05,H.J.Res. 61,"Providing for congressional disapproval under chapter 8 of title 5, United States Code, of the rule submitted by the Environmental Protection Agency relating to ""National Emission Standards for Hazardous Air Pollutants: Rubber Tire Manufacturing"".",Nay
O000174,"Ossoff, Jon",Democratic,Senate,,S119_1_00239,2025-05-08,H.J.Res. 60,"Providing for congressional disapproval under chapter 8 of title 5, United States Code, of the rule submitted by the National Park Service relating to ""Glen Canyon National Recreation Area: Motor Vehicles"".",Nay
O000174,"Ossoff, Jon",Democratic,Senate,,S119_1_00236,2025-05-06,H.J.Res. 60,"Providing for congressional disapproval under chapter 8 of title 5, United States Code, of the rule submitted by the National Park Service relating to ""Glen Canyon National Recreation Area: Motor Vehicles"".",Nay
O000174,"Ossoff, Jon",Democratic,Senate,,S119_1_00228,2025-05-01,H.J.Res. 75,"Providing for congressional disapproval under chapter 8 of title 5, United States Code, of the rule submitted by the Office of Energy Efficiency and Renewable Energy, Department of Energy relating to ""Energy Conservation Program: Energy Conservation Standards for Commercial Refrigerators, Freezers, and Refrigerator-Freezers"".",Nay
O000174,"Ossoff, Jon",Democratic,Senate,,S119_1_00224,2025-04-30,H.J.Res. 75,"Providing for congressional disapproval under chapter 8 of title 5, United States Code, of the rule submitted by the Office of Energy Efficiency and Renewable Energy, Department of Energy relating to ""Energy Conservation Program: Energy Conservation Standards for Commercial Refrigerators, Freezers, and Refrigerator-Freezers"".",Nay
O000174,"Ossoff, Jon",Democratic,Senate,,S119_1_00223,2025-04-30,H.J.Res. 42,"Providing for congressional disapproval under chapter 8 of title 5, United States Code, of the rule submitted by the Department of Energy relating to ""Energy Conservation Program for Appliance Standards: Certification Requirements, Labeling Requirements, and Enforcement Provisions for Certain Consumer Products and Commercial Equipment"".",Nay
O000174,"Ossoff, Jon",Democratic,Senate,,S119_1_00222,2025-04-29,H.J.Res. 42,"Providing for congressional disapproval under chapter 8 of title 5, United States Code, of the rule submitted by the Department of Energy relating to ""Energy Conservation Program for Appliance Standards: Certification Requirements, Labeling Requirements, and Enforcement Provisions for Certain Consumer Products and Commercial Equipment"".",Nay
O000174,"Ossoff, Jon",Democratic,Senate,,S119_1_00162,2025-04-03,H.J.Res. 24,"Providing for congressional disapproval under chapter 8 of title 5, United States Code, of the rule submitted by the Department of Energy relating to ""Energy Conservation Program: Energy Conservation Standards for Walk-In Coolers and Walk-In Freezers"".",Nay
O000174,"Ossoff, Jon",Democratic,Senate,,S119_1_00161,2025-04-02,H.J.Res. 24,"Providing for congressional disapproval under chapter 8 of title 5, United States Code, of the rule submitted by the Department of Energy relating to ""Energy Conservation Program: Energy Conservation Standards for Walk-In Coolers and Walk-In Freezers"".",Nay
O000174,"Ossoff, Jon",Democratic,Senate,,S119_1_00207,2025-04-10,H.J.Res. 20,"Providing for congressional disapproval under chapter 8 of title 5, United States Code, of the rule submitted by the Department of Energy relating to ""Energy Conservation Program: Energy Conservation Standards for Consumer Gas-fired Instantaneous Water Heaters"".",Yea
O000174,"Ossoff, Jon",Democratic,Senate,,S119_1_00206,2025-04-09,H.J.Res. 20,"Providing for congressional disapproval under chapter 8 of title 5, United States Code, of the rule submitted by the Department of Energy relating to ""Energy Conservation Program: Energy Conservation Standards for Consumer Gas-fired Instantaneous Water Heaters"".",Yea
O000174,"Ossoff, Jon",Democratic,Senate,,S119_1_00151,2025-03-26,H.J.Res. 25,"Providing for congressional disapproval under chapter 8 of title 5, United States Code, of the rule submitted by the Internal Revenue Service relating to ""Gross Proceeds Reporting by Brokers That Regularly Provide Services Effectuating Digital Asset Sales"".",Yea
O000174,"Ossoff, Jon",Democratic,Senate,,S119_1_00150,2025-03-26,H.J.Res. 25,"Providing for congressional disapproval under chapter 8 of title 5, United States Code, of the rule submitted by the Internal Revenue Service relating to ""Gross Proceeds Reporting by Brokers That Regularly Provide Services Effectuating Digital Asset Sales"".",Yea
O000174,"Ossoff, Jon",Democratic,Senate,,S119_1_00097,2025-02-27,H.J.Res. 35,"Providing for congressional disapproval under chapter 8 of title 5, United States Code, of the rule submitted by the Environmental Protection Agency relating to ""Waste Emissions Charge for Petroleum and Natural Gas Systems: Procedures for Facilitating Compliance, Including Netting and Exemptions"".",Nay
O000174,"Ossoff, Jon",Democratic,Senate,,S119_1_00133,2025-03-14,H.R. 1968,"Full-Year Continuing Appropriations and Extensions Act, 2025",Nay
O000174,"Ossoff, Jon",Democratic,Senate,,S119_1_00128,2025-03-14,H.R. 1968,"Full-Year Continuing Appropriations and Extensions Act, 2025",Nay
O000174,"Ossoff, Jon",Democratic,Senate,,S119_1_00092,2025-02-25,S.J.Res. 11,"A joint resolution providing for congressional disapproval under chapter 8 of title 5, United States Code, of the rule submitted by the Bureau of Ocean Energy Management relating to ""Protection of Marine Archaeological Resources"".",Nay
O000174,"Ossoff, Jon",Democratic,Senate,,S119_1_00091,2025-02-25,S.J.Res. 11,"A joint resolution providing for congressional disapproval under chapter 8 of title 5, United States Code, of the rule submitted by the Bureau of Ocean Energy Management relating to ""Protection of Marine Archaeological Resources"".",Nay
W000790,"Warnock, Raphael G.",Democratic,Senate,,S119_1_00007,2025-01-20,S. 5,Laken Riley Act,Yea
W000790,"Warnock, Raphael G.",Democratic,Senate,,S119_1_00005,2025-01-17,S. 5,Laken Riley Act,Nay
W000790,"Warnock, Raphael G.",Democratic,Senate,,S119_1_00002,2025-01-13,S. 5,Laken Riley Act,Yea
W000790,"Warnock, Raphael G.",Democratic,Senate,,S119_1_00001,2025-01-09,S. 5,Laken Riley Act,Yea
W000790,"Warnock, Raphael G.",Democratic,Senate,,S119_2_00163,2026-06-05,S. 2,Secure America Act,Nay
W000790,"Warnock, Raphael G.",Democratic,Senate,,S119_2_00153,2026-06-05,S. 2,Secure America Act,Yea
W000790,"Warnock, Raphael G.",Democratic,Senate,,S119_2_00147,2026-06-04,S. 2,Secure America Act,Yea
W000790,"Warnock, Raphael G.",Democratic,Senate,,S119_2_00141,2026-06-04,S. 2,Secure America Act,Yea
W000790,"Warnock, Raphael G.",Democratic,Senate,,S119_2_00137,2026-06-04,S. 2,Secure America Act,Yea
W000790,"Warnock, Raphael G.",Democratic,Senate,,S119_2_00136,2026-06-03,S. 2,Secure America Act,Nay
W000790,"Warnock, Raphael G.",Democratic,Senate,,S119_2_00182,2026-06-22,H.R. 6644,21st Century ROAD to Housing Act,Yea
W000790,"Warnock, Raphael G.",Democratic,Senate,,S119_2_00180,2026-06-18,H.R. 6644,21st Century ROAD to Housing Act,Yea
W000790,"Warnock, Raphael G.",Democratic,Senate,,S119_2_00175,2026-06-16,H.R. 6644,21st Century ROAD to Housing Act,Yea
W000790,"Warnock, Raphael G.",Democratic,Senate,,S119_2_00053,2026-03-12,H.R. 6644,21st Century ROAD to Housing Act,Yea
W000790,"Warnock, Raphael G.",Democratic,Senate,,S119_2_00052,2026-03-11,H.R. 6644,21st Century ROAD to Housing Act,Yea
W000790,"Warnock, Raphael G.",Democratic,Senate,,S119_2_00045,2026-03-04,H.R. 6644,21st Century ROAD to Housing Act,Yea
W000790,"Warnock, Raphael G.",Democratic,Senate,,S119_2_00044,2026-03-02,H.R. 6644,21st Century ROAD to Housing Act,Not Voting
W000790,"Warnock, Raphael G.",Democratic,Senate,,S119_2_00074,2026-03-26,H.R. 7147,"Homeland Security and Further Additional Continuing Appropriations Act, 2026.",Nay
W000790,"Warnock, Raphael G.",Democratic,Senate,,S119_2_00071,2026-03-25,H.R. 7147,"Homeland Security and Further Additional Continuing Appropriations Act, 2026.",Nay
W000790,"Warnock, Raphael G.",Democratic,Senate,,S119_2_00059,2026-03-20,H.R. 7147,"Homeland Security and Further Additional Continuing Appropriations Act, 2026.",Nay
W000790,"Warnock, Raphael G.",Democratic,Senate,,S119_2_00054,2026-03-12,H.R. 7147,"Homeland Security and Further Additional Continuing Appropriations Act, 2026.",Nay
W000790,"Warnock, Raphael G.",Democratic,Senate,,S119_2_00047,2026-03-05,H.R. 7147,"Homeland Security and Further Additional Continuing Appropriations Act, 2026.",Nay
W000790,"Warnock, Raphael G.",Democratic,Senate,,S119_2_00039,2026-02-24,H.R. 7147,"Homeland Security and Further Additional Continuing Appropriations Act, 2026.",Nay
W000790,"Warnock, Raphael G.",Democratic,Senate,,S119_2_00038,2026-02-12,H.R. 7147,"Homeland Security and Further Additional Continuing Appropriations Act, 2026.",Nay
W000790,"Warnock, Raphael G.",Democratic,Senate,,S119_2_00084,2026-04-16,H.J.Res. 140,"Providing for congressional disapproval under chapter 8 of title 5, United States Code, of the rule submitted by the Bureau of Land Management relating to Public Land Order No. 7917 for Withdrawal of Federal Lands; Cook, Lake, and Saint Louis Counties, MN.",Nay
W000790,"Warnock, Raphael G.",Democratic,Senate,,S119_2_00083,2026-04-15,H.J.Res. 140,"Providing for congressional disapproval under chapter 8 of title 5, United States Code, of the rule submitted by the Bureau of Land Management relating to Public Land Order No. 7917 for Withdrawal of Federal Lands; Cook, Lake, and Saint Louis Counties, MN.",Nay
W000790,"Warnock, Raphael G.",Democratic,Senate,,S119_2_00082,2026-04-15,H.J.Res. 140,"Providing for congressional disapproval under chapter 8 of title 5, United States Code, of the rule submitted by the Bureau of Land Management relating to Public Land Order No. 7917 for Withdrawal of Federal Lands; Cook, Lake, and Saint Louis Counties, MN.",Nay
W000790,"Warnock, Raphael G.",Democratic,Senate,,S119_2_00037,2026-02-12,H.J.Res. 142,Disapproving the action of the District of Columbia Council in approving the D.C. Income and Franchise Tax Conformity and Revision Temporary Amendment Act of 2025.,Nay
W000790,"Warnock, Raphael G.",Democratic,Senate,,S119_2_00036,2026-02-11,H.J.Res. 142,Disapproving the action of the District of Columbia Council in approving the D.C. Income and Franchise Tax Conformity and Revision Temporary Amendment Act of 2025.,Nay
W000790,"Warnock, Raphael G.",Democratic,Senate,,S119_2_00020,2026-01-30,H.R. 7148,"Consolidated Appropriations Act, 2026",Nay
W000790,"Warnock, Raphael G.",Democratic,Senate,,S119_2_00013,2026-01-29,H.R. 7148,"Consolidated Appropriations Act, 2026",Nay
W000790,"Warnock, Raphael G.",Democratic,Senate,,S119_2_00011,2026-01-15,H.R. 6938,"Commerce, Justice, Science; Energy and Water Development; and Interior and Environment Appropriations Act, 2026",Yea
W000790,"Warnock, Raphael G.",Democratic,Senate,,S119_2_00010,2026-01-15,H.R. 6938,"Commerce, Justice, Science; Energy and Water Development; and Interior and Environment Appropriations Act, 2026",Yea
W000790,"Warnock, Raphael G.",Democratic,Senate,,S119_2_00007,2026-01-12,H.R. 6938,"Commerce, Justice, Science; Energy and Water Development; and Interior and Environment Appropriations Act, 2026",Not Voting
W000790,"Warnock, Raphael G.",Democratic,Senate,,S119_1_00648,2025-12-17,S. 1071,National Defense Authorization Act for Fiscal Year 2026,Yea
W000790,"Warnock, Raphael G.",Democratic,Senate,,S119_1_00647,2025-12-15,S. 1071,National Defense Authorization Act for Fiscal Year 2026,Not Voting
W000790,"Warnock, Raphael G.",Democratic,Senate,,S119_1_00646,2025-12-11,S. 1071,National Defense Authorization Act for Fiscal Year 2026,Yea
W000790,"Warnock, Raphael G.",Democratic,Senate,,S119_1_00632,2025-12-04,H.J.Res. 131,"Providing for congressional disapproval under chapter 8 of title 5, United States Code, of the rule submitted by the Bureau of Land Management relating to Coastal Plain Oil and Gas Leasing Program Record of Decision.",Nay
W000790,"Warnock, Raphael G.",Democratic,Senate,,S119_1_00623,2025-11-20,H.J.Res. 130,"Providing for congressional disapproval under chapter 8 of title 5, United States Code, of the rule submitted by the Bureau of Land Management relating to Buffalo Field Office Record of Decision and Approved Resource Management Plan Amendment.",Nay
W000790,"Warnock, Raphael G.",Democratic,Senate,,S119_1_00560,2025-10-09,H.J.Res. 106,"Providing for congressional disapproval under chapter 8 of title 5, United States Code, of the rule submitted by the Bureau of Land Management relating to ""Central Yukon Record of Decision and Approved Resource Management Plan"".",Nay
W000790,"Warnock, Raphael G.",Democratic,Senate,,S119_1_00559,2025-10-09,H.J.Res. 106,"Providing for congressional disapproval under chapter 8 of title 5, United States Code, of the rule submitted by the Bureau of Land Management relating to ""Central Yukon Record of Decision and Approved Resource Management Plan"".",Nay
W000790,"Warnock, Raphael G.",Democratic,Senate,,S119_1_00556,2025-10-08,H.J.Res. 105,"Providing for congressional disapproval under chapter 8 of title 5, United States Code, of the rule submitted by the Bureau of Land Management relating to ""North Dakota Field Office Record of Decision and Approved Resource Management Plan"".",Nay
W000790,"Warnock, Raphael G.",Democratic,Senate,,S119_1_00553,2025-10-08,H.J.Res. 105,"Providing for congressional disapproval under chapter 8 of title 5, United States Code, of the rule submitted by the Bureau of Land Management relating to ""North Dakota Field Office Record of Decision and Approved Resource Management Plan"".",Nay
W000790,"Warnock, Raphael G.",Democratic,Senate,,S119_1_00549,2025-10-08,H.J.Res. 104,"Providing for congressional disapproval under chapter 8 of title 5, United States Code, of the rule submitted by the Bureau of Land Management relating to ""Miles City Field Office Record of Decision and Approved Resource Management Plan Amendment"".",Nay
W000790,"Warnock, Raphael G.",Democratic,Senate,,S119_1_00548,2025-10-07,H.J.Res. 104,"Providing for congressional disapproval under chapter 8 of title 5, United States Code, of the rule submitted by the Bureau of Land Management relating to ""Miles City Field Office Record of Decision and Approved Resource Management Plan Amendment"".",Nay
W000790,"Warnock, Raphael G.",Democratic,Senate,,S119_1_00599,2025-10-30,S.J.Res. 80,"A joint resolution providing for congressional disapproval under chapter 8 of title 5, United States Code, of the rule submitted by the Bureau of Land Management relating to ""National Petroleum Reserve in Alaska Integrated Activity Plan Record of Decision"".",Nay
W000790,"Warnock, Raphael G.",Democratic,Senate,,S119_1_00595,2025-10-29,S.J.Res. 80,"A joint resolution providing for congressional disapproval under chapter 8 of title 5, United States Code, of the rule submitted by the Bureau of Land Management relating to ""National Petroleum Reserve in Alaska Integrated Activity Plan Record of Decision"".",Nay
W000790,"Warnock, Raphael G.",Democratic,Senate,,S119_1_00318,2025-06-17,S. 1582,GENIUS Act,Yea
W000790,"Warnock, Raphael G.",Democratic,Senate,,S119_1_00312,2025-06-12,S. 1582,GENIUS Act,Yea
W000790,"Warnock, Raphael G.",Democratic,Senate,,S119_1_00263,2025-05-21,S. 1582,GENIUS Act,Yea
W000790,"Warnock, Raphael G.",Democratic,Senate,,S119_1_00262,2025-05-19,S. 1582,GENIUS Act,Nay
W000790,"Warnock, Raphael G.",Democratic,Senate,,S119_1_00240,2025-05-08,S. 1582,GENIUS Act,Nay
W000790,"Warnock, Raphael G.",Democratic,Senate,,S119_1_00618,2025-11-10,H.R. 5371,"Continuing Appropriations, Agriculture, Legislative Branch, Military Construction and Veterans Affairs, and Extensions Act, 2026",Nay
W000790,"Warnock, Raphael G.",Democratic,Senate,,S119_1_00617,2025-11-10,H.R. 5371,"Continuing Appropriations, Agriculture, Legislative Branch, Military Construction and Veterans Affairs, and Extensions Act, 2026",Nay
W000790,"Warnock, Raphael G.",Democratic,Senate,,S119_1_00611,2025-11-10,H.R. 5371,"Continuing Appropriations, Agriculture, Legislative Branch, Military Construction and Veterans Affairs, and Extensions Act, 2026",Nay
W000790,"Warnock, Raphael G.",Democratic,Senate,,S119_1_00610,2025-11-09,H.R. 5371,"Continuing Appropriations, Agriculture, Legislative Branch, Military Construction and Veterans Affairs, and Extensions Act, 2026",Nay
W000790,"Warnock, Raphael G.",Democratic,Senate,,S119_1_00603,2025-11-04,H.R. 5371,"Continuing Appropriations, Agriculture, Legislative Branch, Military Construction and Veterans Affairs, and Extensions Act, 2026",Nay
W000790,"Warnock, Raphael G.",Democratic,Senate,,S119_1_00590,2025-10-28,H.R. 5371,"Continuing Appropriations, Agriculture, Legislative Branch, Military Construction and Veterans Affairs, and Extensions Act, 2026",Nay
W000790,"Warnock, Raphael G.",Democratic,Senate,,S119_1_00581,2025-10-22,H.R. 5371,"Continuing Appropriations, Agriculture, Legislative Branch, Military Construction and Veterans Affairs, and Extensions Act, 2026",Nay
W000790,"Warnock, Raphael G.",Democratic,Senate,,S119_1_00576,2025-10-20,H.R. 5371,"Continuing Appropriations, Agriculture, Legislative Branch, Military Construction and Veterans Affairs, and Extensions Act, 2026",Nay
W000790,"Warnock, Raphael G.",Democratic,Senate,,S119_1_00573,2025-10-16,H.R. 5371,"Continuing Appropriations, Agriculture, Legislative Branch, Military Construction and Veterans Affairs, and Extensions Act, 2026",Nay
W000790,"Warnock, Raphael G.",Democratic,Senate,,S119_1_00572,2025-10-15,H.R. 5371,"Continuing Appropriations, Agriculture, Legislative Branch, Military Construction and Veterans Affairs, and Extensions Act, 2026",Nay
W000790,"Warnock, Raphael G.",Democratic,Senate,,S119_1_00571,2025-10-14,H.R. 5371,"Continuing Appropriations, Agriculture, Legislative Branch, Military Construction and Veterans Affairs, and Extensions Act, 2026",Nay
W000790,"Warnock, Raphael G.",Democratic,Senate,,S119_1_00558,2025-10-09,H.R. 5371,"Continuing Appropriations, Agriculture, Legislative Branch, Military Construction and Veterans Affairs, and Extensions Act, 2026",Nay
W000790,"Warnock, Raphael G.",Democratic,Senate,,S119_1_00551,2025-10-08,H.R. 5371,"Continuing Appropriations, Agriculture, Legislative Branch, Military Construction and Veterans Affairs, and Extensions Act, 2026",Nay
W000790,"Warnock, Raphael G.",Democratic,Senate,,S119_1_00545,2025-10-06,H.R. 5371,"Continuing Appropriations, Agriculture, Legislative Branch, Military Construction and Veterans Affairs, and Extensions Act, 2026",Nay
W000790,"Warnock, Raphael G.",Democratic,Senate,,S119_1_00543,2025-10-03,H.R. 5371,"Continuing Appropriations, Agriculture, Legislative Branch, Military Construction and Veterans Affairs, and Extensions Act, 2026",Nay
W000790,"Warnock, Raphael G.",Democratic,Senate,,S119_1_00537,2025-10-01,H.R. 5371,"Continuing Appropriations, Agriculture, Legislative Branch, Military Construction and Veterans Affairs, and Extensions Act, 2026",Nay
W000790,"Warnock, Raphael G.",Democratic,Senate,,S119_1_00535,2025-09-30,H.R. 5371,"Continuing Appropriations, Agriculture, Legislative Branch, Military Construction and Veterans Affairs, and Extensions Act, 2026",Nay
W000790,"Warnock, Raphael G.",Democratic,Senate,,S119_1_00528,2025-09-19,H.R. 5371,"Continuing Appropriations, Agriculture, Legislative Branch, Military Construction and Veterans Affairs, and Extensions Act, 2026",Nay
W000790,"Warnock, Raphael G.",Democratic,Senate,,S119_1_00153,2025-03-27,S.J.Res. 18,"A joint resolution disapproving the rule submitted by the Bureau of Consumer Financial Protection relating to ""Overdraft Lending: Very Large Financial Institutions"".",Nay
W000790,"Warnock, Raphael G.",Democratic,Senate,,S119_1_00152,2025-03-26,S.J.Res. 18,"A joint resolution disapproving the rule submitted by the Bureau of Consumer Financial Protection relating to ""Overdraft Lending: Very Large Financial Institutions"".",Nay
W000790,"Warnock, Raphael G.",Democratic,Senate,,S119_1_00127,2025-03-14,S. 331,HALT Fentanyl Act,Nay
W000790,"Warnock, Raphael G.",Democratic,Senate,,S119_1_00124,2025-03-13,S. 331,HALT Fentanyl Act,Nay
W000790,"Warnock, Raphael G.",Democratic,Senate,,S119_1_00110,2025-03-06,S. 331,HALT Fentanyl Act,Nay
W000790,"Warnock, Raphael G.",Democratic,Senate,,S119_1_00411,2025-07-17,H.R. 4,Rescissions Act of 2025,Nay
W000790,"Warnock, Raphael G.",Democratic,Senate,,S119_1_00403,2025-07-16,H.R. 4,Rescissions Act of 2025,Yea
W000790,"Warnock, Raphael G.",Democratic,Senate,,S119_1_00401,2025-07-16,H.R. 4,Rescissions Act of 2025,Yea
W000790,"Warnock, Raphael G.",Democratic,Senate,,S119_1_00399,2025-07-16,H.R. 4,Rescissions Act of 2025,Yea
W000790,"Warnock, Raphael G.",Democratic,Senate,,S119_1_00398,2025-07-16,H.R. 4,Rescissions Act of 2025,Yea
W000790,"Warnock, Raphael G.",Democratic,Senate,,S119_1_00396,2025-07-16,H.R. 4,Rescissions Act of 2025,Yea
W000790,"Warnock, Raphael G.",Democratic,Senate,,S119_1_00395,2025-07-16,H.R. 4,Rescissions Act of 2025,Yea
W000790,"Warnock, Raphael G.",Democratic,Senate,,S119_1_00394,2025-07-16,H.R. 4,Rescissions Act of 2025,Yea
W000790,"Warnock, Raphael G.",Democratic,Senate,,S119_1_00392,2025-07-15,H.R. 4,Rescissions Act of 2025,Nay
W000790,"Warnock, Raphael G.",Democratic,Senate,,S119_1_00391,2025-07-15,H.R. 4,Rescissions Act of 2025,Nay
W000790,"Warnock, Raphael G.",Democratic,Senate,,S119_1_00372,2025-07-01,H.R. 1,An act to provide for reconciliation pursuant to title II of H. Con. Res. 14.,Nay
W000790,"Warnock, Raphael G.",Democratic,Senate,,S119_1_00359,2025-07-01,H.R. 1,An act to provide for reconciliation pursuant to title II of H. Con. Res. 14.,Yea
W000790,"Warnock, Raphael G.",Democratic,Senate,,S119_1_00357,2025-07-01,H.R. 1,An act to provide for reconciliation pursuant to title II of H. Con. Res. 14.,Yea
W000790,"Warnock, Raphael G.",Democratic,Senate,,S119_1_00354,2025-07-01,H.R. 1,An act to provide for reconciliation pursuant to title II of H. Con. Res. 14.,Yea
W000790,"Warnock, Raphael G.",Democratic,Senate,,S119_1_00353,2025-06-30,H.R. 1,An act to provide for reconciliation pursuant to title II of H. Con. Res. 14.,Yea
W000790,"Warnock, Raphael G.",Democratic,Senate,,S119_1_00351,2025-06-30,H.R. 1,An act to provide for reconciliation pursuant to title II of H. Con. Res. 14.,Yea
W000790,"Warnock, Raphael G.",Democratic,Senate,,S119_1_00350,2025-06-30,H.R. 1,An act to provide for reconciliation pursuant to title II of H. Con. Res. 14.,Yea
W000790,"Warnock, Raphael G.",Democratic,Senate,,S119_1_00349,2025-06-30,H.R. 1,An act to provide for reconciliation pursuant to title II of H. Con. Res. 14.,Yea
W000790,"Warnock, Raphael G.",Democratic,Senate,,S119_1_00348,2025-06-30,H.R. 1,An act to provide for reconciliation pursuant to title II of H. Con. Res. 14.,Yea
W000790,"Warnock, Raphael G.",Democratic,Senate,,S119_1_00347,2025-06-30,H.R. 1,An act to provide for reconciliation pursuant to title II of H. Con. Res. 14.,Yea
W000790,"Warnock, Raphael G.",Democratic,Senate,,S119_1_00346,2025-06-30,H.R. 1,An act to provide for reconciliation pursuant to title II of H. Con. Res. 14.,Yea
W000790,"Warnock, Raphael G.",Democratic,Senate,,S119_1_00340,2025-06-30,H.R. 1,An act to provide for reconciliation pursuant to title II of H. Con. Res. 14.,Yea
W000790,"Warnock, Raphael G.",Democratic,Senate,,S119_1_00338,2025-06-30,H.R. 1,An act to provide for reconciliation pursuant to title II of H. Con. Res. 14.,Yea
W000790,"Warnock, Raphael G.",Democratic,Senate,,S119_1_00337,2025-06-30,H.R. 1,An act to provide for reconciliation pursuant to title II of H. Con. Res. 14.,Yea
W000790,"Warnock, Raphael G.",Democratic,Senate,,S119_1_00336,2025-06-30,H.R. 1,An act to provide for reconciliation pursuant to title II of H. Con. Res. 14.,Yea
W000790,"Warnock, Raphael G.",Democratic,Senate,,S119_1_00335,2025-06-30,H.R. 1,An act to provide for reconciliation pursuant to title II of H. Con. Res. 14.,Yea
W000790,"Warnock, Raphael G.",Democratic,Senate,,S119_1_00334,2025-06-30,H.R. 1,An act to provide for reconciliation pursuant to title II of H. Con. Res. 14.,Nay
W000790,"Warnock, Raphael G.",Democratic,Senate,,S119_1_00333,2025-06-30,H.R. 1,An act to provide for reconciliation pursuant to title II of H. Con. Res. 14.,Yea
W000790,"Warnock, Raphael G.",Democratic,Senate,,S119_1_00332,2025-06-30,H.R. 1,An act to provide for reconciliation pursuant to title II of H. Con. Res. 14.,Yea
W000790,"Warnock, Raphael G.",Democratic,Senate,,S119_1_00329,2025-06-28,H.R. 1,An act to provide for reconciliation pursuant to title II of H. Con. Res. 14.,Nay
W000790,"Warnock, Raphael G.",Democratic,Senate,,S119_1_00237,2025-05-07,S.J.Res. 13,"A joint resolution providing for congressional disapproval under chapter 8 of title 5, United States Code, of the rule submitted by the Office of the Comptroller of the Currency of the Department of the Treasury relating to the review of applications under the Bank Merger Act.",Nay
W000790,"Warnock, Raphael G.",Democratic,Senate,,S119_1_00233,2025-05-06,S.J.Res. 13,"A joint resolution providing for congressional disapproval under chapter 8 of title 5, United States Code, of the rule submitted by the Office of the Comptroller of the Currency of the Department of the Treasury relating to the review of applications under the Bank Merger Act.",Nay
W000790,"Warnock, Raphael G.",Democratic,Senate,,S119_1_00229,2025-05-01,S.J.Res. 31,"A joint resolution providing for congressional disapproval under chapter 8 of title 5, United States Code, of the rule submitted by the Environmental Protection Agency relating to ""Review of Final Rule Reclassification of Major Sources as Area Sources Under Section 112 of the Clean Air Act"".",Nay
W000790,"Warnock, Raphael G.",Democratic,Senate,,S119_1_00227,2025-04-30,S.J.Res. 31,"A joint resolution providing for congressional disapproval under chapter 8 of title 5, United States Code, of the rule submitted by the Environmental Protection Agency relating to ""Review of Final Rule Reclassification of Major Sources as Area Sources Under Section 112 of the Clean Air Act"".",Nay
W000790,"Warnock, Raphael G.",Democratic,Senate,,S119_1_00281,2025-05-22,H.J.Res. 89,"Providing congressional disapproval under chapter 8 of title 5, United States Code, of the rule submitted by the Environmental Protection Agency relating to ""California State Motor Vehicle and Engine and Nonroad Engine Pollution Control Standards; The ""Omnibus"" Low NOX Regulation; Waiver of Preemption; Notice of Decision"".",Nay
W000790,"Warnock, Raphael G.",Democratic,Senate,,S119_1_00280,2025-05-22,H.J.Res. 89,"Providing congressional disapproval under chapter 8 of title 5, United States Code, of the rule submitted by the Environmental Protection Agency relating to ""California State Motor Vehicle and Engine and Nonroad Engine Pollution Control Standards; The ""Omnibus"" Low NOX Regulation; Waiver of Preemption; Notice of Decision"".",Nay
W000790,"Warnock, Raphael G.",Democratic,Senate,,S119_1_00277,2025-05-22,H.J.Res. 88,"Providing congressional disapproval under chapter 8 of title 5, United States Code, of the rule submitted by the Environmental Protection Agency relating to ""California State Motor Vehicle and Engine Pollution Control Standards; Advanced Clean Cars II; Waiver of Preemption; Notice of Decision"".",Nay
W000790,"Warnock, Raphael G.",Democratic,Senate,,S119_1_00276,2025-05-21,H.J.Res. 88,"Providing congressional disapproval under chapter 8 of title 5, United States Code, of the rule submitted by the Environmental Protection Agency relating to ""California State Motor Vehicle and Engine Pollution Control Standards; Advanced Clean Cars II; Waiver of Preemption; Notice of Decision"".",Nay
W000790,"Warnock, Raphael G.",Democratic,Senate,,S119_1_00279,2025-05-22,H.J.Res. 87,"Providing congressional disapproval under chapter 8 of title 5, United States Code, of the rule submitted by the Environmental Protection Agency relating to ""California State Motor Vehicle and Engine Pollution Control Standards; Heavy-Duty Vehicle and Engine Emission Warranty and Maintenance Provisions; Advanced Clean Trucks; Zero Emission Airport Shuttle; Zero-Emission Power Train Certification; Waiver of Preemption; Notice of Decision"".",Nay
W000790,"Warnock, Raphael G.",Democratic,Senate,,S119_1_00278,2025-05-22,H.J.Res. 87,"Providing congressional disapproval under chapter 8 of title 5, United States Code, of the rule submitted by the Environmental Protection Agency relating to ""California State Motor Vehicle and Engine Pollution Control Standards; Heavy-Duty Vehicle and Engine Emission Warranty and Maintenance Provisions; Advanced Clean Trucks; Zero Emission Airport Shuttle; Zero-Emission Power Train Certification; Waiver of Preemption; Notice of Decision"".",Nay
W000790,"Warnock, Raphael G.",Democratic,Senate,,S119_1_00106,2025-03-05,S.J.Res. 28,"A joint resolution disapproving the rule submitted by the Bureau of Consumer Financial Protection relating to ""Defining Larger Participants of a Market for General-Use Digital Consumer Payment Applications"".",Nay
W000790,"Warnock, Raphael G.",Democratic,Senate,,S119_1_00103,2025-03-04,S.J.Res. 28,"A joint resolution disapproving the rule submitted by the Bureau of Consumer Financial Protection relating to ""Defining Larger Participants of a Market for General-Use Digital Consumer Payment Applications"".",Nay
W000790,"Warnock, Raphael G.",Democratic,Senate,,S119_1_00232,2025-05-06,H.J.Res. 61,"Providing for congressional disapproval under chapter 8 of title 5, United States Code, of the rule submitted by the Environmental Protection Agency relating to ""National Emission Standards for Hazardous Air Pollutants: Rubber Tire Manufacturing"".",Nay
W000790,"Warnock, Raphael G.",Democratic,Senate,,S119_1_00231,2025-05-05,H.J.Res. 61,"Providing for congressional disapproval under chapter 8 of title 5, United States Code, of the rule submitted by the Environmental Protection Agency relating to ""National Emission Standards for Hazardous Air Pollutants: Rubber Tire Manufacturing"".",Nay
W000790,"Warnock, Raphael G.",Democratic,Senate,,S119_1_00239,2025-05-08,H.J.Res. 60,"Providing for congressional disapproval under chapter 8 of title 5, United States Code, of the rule submitted by the National Park Service relating to ""Glen Canyon National Recreation Area: Motor Vehicles"".",Not Voting
W000790,"Warnock, Raphael G.",Democratic,Senate,,S119_1_00236,2025-05-06,H.J.Res. 60,"Providing for congressional disapproval under chapter 8 of title 5, United States Code, of the rule submitted by the National Park Service relating to ""Glen Canyon National Recreation Area: Motor Vehicles"".",Nay
W000790,"Warnock, Raphael G.",Democratic,Senate,,S119_1_00228,2025-05-01,H.J.Res. 75,"Providing for congressional disapproval under chapter 8 of title 5, United States Code, of the rule submitted by the Office of Energy Efficiency and Renewable Energy, Department of Energy relating to ""Energy Conservation Program: Energy Conservation Standards for Commercial Refrigerators, Freezers, and Refrigerator-Freezers"".",Nay
W000790,"Warnock, Raphael G.",Democratic,Senate,,S119_1_00224,2025-04-30,H.J.Res. 75,"Providing for congressional disapproval under chapter 8 of title 5, United States Code, of the rule submitted by the Office of Energy Efficiency and Renewable Energy, Department of Energy relating to ""Energy Conservation Program: Energy Conservation Standards for Commercial Refrigerators, Freezers, and Refrigerator-Freezers"".",Nay
W000790,"Warnock, Raphael G.",Democratic,Senate,,S119_1_00223,2025-04-30,H.J.Res. 42,"Providing for congressional disapproval under chapter 8 of title 5, United States Code, of the rule submitted by the Department of Energy relating to ""Energy Conservation Program for Appliance Standards: Certification Requirements, Labeling Requirements, and Enforcement Provisions for Certain Consumer Products and Commercial Equipment"".",Nay
W000790,"Warnock, Raphael G.",Democratic,Senate,,S119_1_00222,2025-04-29,H.J.Res. 42,"Providing for congressional disapproval under chapter 8 of title 5, United States Code, of the rule submitted by the Department of Energy relating to ""Energy Conservation Program for Appliance Standards: Certification Requirements, Labeling Requirements, and Enforcement Provisions for Certain Consumer Products and Commercial Equipment"".",Nay
W000790,"Warnock, Raphael G.",Democratic,Senate,,S119_1_00162,2025-04-03,H.J.Res. 24,"Providing for congressional disapproval under chapter 8 of title 5, United States Code, of the rule submitted by the Department of Energy relating to ""Energy Conservation Program: Energy Conservation Standards for Walk-In Coolers and Walk-In Freezers"".",Nay
W000790,"Warnock, Raphael G.",Democratic,Senate,,S119_1_00161,2025-04-02,H.J.Res. 24,"Providing for congressional disapproval under chapter 8 of title 5, United States Code, of the rule submitted by the Department of Energy relating to ""Energy Conservation Program: Energy Conservation Standards for Walk-In Coolers and Walk-In Freezers"".",Nay
W000790,"Warnock, Raphael G.",Democratic,Senate,,S119_1_00207,2025-04-10,H.J.Res. 20,"Providing for congressional disapproval under chapter 8 of title 5, United States Code, of the rule submitted by the Department of Energy relating to ""Energy Conservation Program: Energy Conservation Standards for Consumer Gas-fired Instantaneous Water Heaters"".",Yea
W000790,"Warnock, Raphael G.",Democratic,Senate,,S119_1_00206,2025-04-09,H.J.Res. 20,"Providing for congressional disapproval under chapter 8 of title 5, United States Code, of the rule submitted by the Department of Energy relating to ""Energy Conservation Program: Energy Conservation Standards for Consumer Gas-fired Instantaneous Water Heaters"".",Yea
W000790,"Warnock, Raphael G.",Democratic,Senate,,S119_1_00151,2025-03-26,H.J.Res. 25,"Providing for congressional disapproval under chapter 8 of title 5, United States Code, of the rule submitted by the Internal Revenue Service relating to ""Gross Proceeds Reporting by Brokers That Regularly Provide Services Effectuating Digital Asset Sales"".",Yea
W000790,"Warnock, Raphael G.",Democratic,Senate,,S119_1_00150,2025-03-26,H.J.Res. 25,"Providing for congressional disapproval under chapter 8 of title 5, United States Code, of the rule submitted by the Internal Revenue Service relating to ""Gross Proceeds Reporting by Brokers That Regularly Provide Services Effectuating Digital Asset Sales"".",Yea
W000790,"Warnock, Raphael G.",Democratic,Senate,,S119_1_00097,2025-02-27,H.J.Res. 35,"Providing for congressional disapproval under chapter 8 of title 5, United States Code, of the rule submitted by the Environmental Protection Agency relating to ""Waste Emissions Charge for Petroleum and Natural Gas Systems: Procedures for Facilitating Compliance, Including Netting and Exemptions"".",Nay
W000790,"Warnock, Raphael G.",Democratic,Senate,,S119_1_00133,2025-03-14,H.R. 1968,"Full-Year Continuing Appropriations and Extensions Act, 2025",Nay
W000790,"Warnock, Raphael G.",Democratic,Senate,,S119_1_00128,2025-03-14,H.R. 1968,"Full-Year Continuing Appropriations and Extensions Act, 2025",Nay
W000790,"Warnock, Raphael G.",Democratic,Senate,,S119_1_00092,2025-02-25,S.J.Res. 11,"A joint resolution providing for congressional disapproval under chapter 8 of title 5, United States Code, of the rule submitted by the Bureau of Ocean Energy Management relating to ""Protection of Marine Archaeological Resources"".",Nay
W000790,"Warnock, Raphael G.",Democratic,Senate,,S119_1_00091,2025-02-25,S.J.Res. 11,"A joint resolution providing for congressional disapproval under chapter 8 of title 5, United States Code, of the rule submitted by the Bureau of Ocean Energy Management relating to ""Protection of Marine Archaeological Resources"".",Nay
